URL,期望下单量,实际下单量,完成量,缺少量,订单数,类型,note_id,状态
http://xhslink.com/o/2rm1fiTjpFs,3000,3000,3188,-188,1,view,6a1459f600000000350338c7,"completed"
http://xhslink.com/o/14pD8xmGNT6,2000,2000,2031,-31,1,view,6a0eb5470000000035024d69,"completed"
http://xhslink.com/o/6fPyLG4mCmA,2000,2000,2051,-51,1,view,6a143a54000000003700e2dc,"completed"
http://xhslink.com/o/ARcKbrHL2pD,2000,3000,3240,-240,2,view,6a10549c0000000035025607,"completed"
http://xhslink.com/o/4QPnDH9YFCU,1000,1000,1222,-222,1,view,6a141ae3000000003502a372,"completed"
http://xhslink.com/o/A7zlRcp5h2a,1000,1000,1063,-63,1,view,6a100631000000003502d57a,"completed"
http://xhslink.com/o/1Dd7VV4tfKD,1000,1000,1188,-188,1,view,6a14eaf4000000000800108d,"completed"
http://xhslink.com/o/3Ak6dkImDyr,2000,2000,2164,-164,1,view,6a13f728000000000702edda,"completed"
http://xhslink.com/o/6sjTHlH5exx,2000,2000,2112,-112,1,view,6a13f9bd000000003501d516,"completed"
http://xhslink.com/o/5ODB6vZe3uI,2000,2000,2052,-52,1,view,6a13f81f0000000006023208,"completed"
http://xhslink.com/o/8fFpvGGkAJM,3000,3000,3202,-202,1,view,6a140cee0000000035027d50,"completed"
http://xhslink.com/o/8su5dozo5xs,3000,3000,3075,-75,1,view,6a14c7a400000000060231d2,"completed"
http://xhslink.com/o/9tWHBw9IzVV,2000,2000,2263,-263,1,view,6a115cc20000000008001e8e,"completed"
http://xhslink.com/o/AINZy43ysEn,2000,2000,2284,-284,1,view,6a13fc050000000008003b2d,"completed"
http://xhslink.com/o/2nsXa2ryzri,3000,3000,3025,-25,1,view,6a0c18fe0000000008002083,"completed"
http://xhslink.com/o/1bDerV32E0k,1000,1000,1194,-194,1,view,6a1410680000000036001d55,"completed"
http://xhslink.com/o/98X6MMvJbAT,1000,1000,1268,-268,1,view,6a14db850000000007025f34,"completed"
http://xhslink.com/o/4EagpdrDn6H,1000,1000,1033,-33,1,view,6a13bbf80000000007027ca9,"completed"
http://xhslink.com/o/9nkwDOhocEd,1000,5000,5951,-951,3,view,6a1168560000000007012857,"completed"
http://xhslink.com/o/9Oa69ATUGQr,1000,1000,1008,-8,1,view,6a059af4000000003601a6a2,"completed"
http://xhslink.com/o/328808FBgWy,1000,1000,1027,-27,1,view,6a068c71000000003700fe4e,"completed"
http://xhslink.com/o/AwmuwWoFk2W,1000,1000,1006,-6,1,view,6a04425d0000000038021274,"completed"
http://xhslink.com/o/4n5tYdUqknY,500,500,573,-73,1,view,6a115b630000000037036941,"completed"
http://xhslink.com/o/9fP26MpoxW7,500,1000,1831,-831,2,view,6a110a5b00000000380343b1,"completed"
http://xhslink.com/o/5cJvDIt6Ljv,500,1500,2464,-964,2,view,6a13bad1000000000602164f,"completed"
http://xhslink.com/o/JmmXu8b0eo,1000,1000,1024,-24,1,view,6a0d6ffb000000003502903b,"completed"
http://xhslink.com/o/3hHgYkcY2Fa,1000,2000,2047,-47,2,view,6a0ee4f4000000003502d0a1,"completed"
http://xhslink.com/o/8zTWBmeYuBN,1000,1000,1009,-9,1,view,6a09962600000000350235ca,"completed"
http://xhslink.com/o/31DgkEnjlpM,5000,5000,5092,-92,1,view,6a0eeba7000000000702a80c,"completed"
http://xhslink.com/o/4MR6eyz6k0y,5000,5000,5052,-52,1,view,6a06b137000000000702ed8e,"completed"
http://xhslink.com/o/4eXqim3228f,4000,4000,4128,-128,1,view,6a0c0fa40000000006037d68,"completed"
http://xhslink.com/o/oXrrK7FW0E,5000,5000,5062,-62,1,view,6a06952600000000350328d5,"completed"
http://xhslink.com/o/9P2UFlbgzMP,3000,3000,3021,-21,1,view,69fd58e5000000002301ecca,"completed"
http://xhslink.com/o/AzKPeB2DQn4,5000,5000,5021,-21,1,view,69f087ff0000000035024a04,"completed"
http://xhslink.com/o/1ba1juppI6v,2000,2000,2020,-20,1,view,69e818d20000000023022ba2,"completed"
http://xhslink.com/o/5wWh0tjfVxK,5000,5000,5024,-24,1,view,6a11a03c000000000702eca4,"completed"
http://xhslink.com/o/4eANamEAa5r,5000,5000,5005,-5,1,view,69f730e8000000001a035871,"completed"
http://xhslink.com/o/3siX7owVeaM,5000,5000,5028,-28,1,view,6a102523000000000702e82f,"completed"
http://xhslink.com/o/7uUDXjCXCcU,3000,3000,3039,-39,1,view,69f0c5070000000020038c50,"completed"
http://xhslink.com/o/3orS5wrbi6W,5000,5000,5112,-112,1,view,6a0c787b0000000007029fd7,"completed"
http://xhslink.com/o/79miK8rIHue,4000,4000,4020,-20,1,view,69e9753f0000000023026906,"completed"
http://xhslink.com/o/7oDskjWlXPD,1000,1000,1110,-110,1,view,6a1449b00000000006030d86,"completed"
http://xhslink.com/o/53bxp1B5iXH,5000,8000,8124,-124,2,view,6a0953bd0000000006037738,"completed"
http://xhslink.com/o/1YcPhUL36Xf,500,500,759,-259,1,view,6a13bd2a000000003700e701,"completed"
http://xhslink.com/o/wHiuWkHOyi,3000,5000,5264,-264,2,view,6a11b8a40000000035023d3a,"completed"
http://xhslink.com/o/1UDzyPs9haO,1000,1000,1116,-116,1,view,6a13c9e000000000360319c1,"completed"
http://xhslink.com/o/A1GlKPnv5hQ,1000,1000,1035,-35,1,view,6a0d22b2000000003502fbfd,"completed"
http://xhslink.com/o/6r52fa4bfvz,1000,1000,1010,-10,1,view,6a1032ed000000003501d533,"completed"
http://xhslink.com/o/19Ejvb7L1jK,1000,1000,1023,-23,1,view,6a06f8e20000000007023ed2,"completed"
http://xhslink.com/o/42Jt2jcPh0D,1000,1000,1037,-37,1,view,6a0c570e000000003503a2f5,"completed"
http://xhslink.com/o/8s7zglDZWTE,3000,3000,3118,-118,1,view,6a11061f0000000035024b3c,"completed"
http://xhslink.com/o/8YdNfAnUvm9,3000,3000,3067,-67,1,view,6a0f7693000000003502a0ac,"completed"
http://xhslink.com/o/5Ytfk4OJkqL,6000,6000,6165,-165,2,view,6a0de272000000003501e470,"completed"
http://xhslink.com/o/4BsPLbfQpdH,3000,3000,3056,-56,1,view,6a0c6afe00000000350225b4,"completed"
http://xhslink.com/o/An9bymDgia0,3000,3000,3042,-42,1,view,6a0c6cab000000003502a51f,"completed"
http://xhslink.com/o/9QlmPEoYGRL,2000,2000,2058,-58,1,view,6a0b75d700000000350305e9,"completed"
http://xhslink.com/o/82UdSBXDtyf,1000,1000,1239,-239,1,view,6a14023600000000380376ac,"completed"
http://xhslink.com/o/5WUen2bn7NX,1000,1000,1236,-236,1,view,6a0ea247000000003701d4ec,"completed"
http://xhslink.com/o/2x36yoIUQzn,1000,1000,1002,-2,1,view,69e5dbaf000000001d018e1a,"completed"
http://xhslink.com/o/AmH76yXQyLO,3000,3000,3012,-12,1,view,6a1052c4000000000803c177,"completed"
http://xhslink.com/o/88BIk5H9TCx,1000,2000,2246,-246,2,view,6a10aceb0000000035025372,"completed"
http://xhslink.com/o/9YvFZVL1PIa,1000,3000,3199,-199,2,view,6a1027f00000000006031ecf,"completed"
http://xhslink.com/o/7C0O9bJh988,1000,1000,1011,-11,1,view,6a146fe10000000007022bd3,"completed"
http://xhslink.com/o/6e1CJRIH3xU,1000,1000,1070,-70,1,view,6a144be4000000003701ec5f,"completed"
http://xhslink.com/o/3zLnhiVqflh,6000,7000,7544,-544,3,view,6a0c23dc000000003503ad49,"completed"
http://xhslink.com/o/AHTXRGZAaW3,6000,5000,5182,-182,2,view,6a0d65060000000038037ced,"completed"
http://xhslink.com/m/tDdZNrHFwq,300,300,708,-408,1,view,6a14be7700000000080022f5,"completed"
http://xhslink.com/o/8K7rO44ccPe,1000,1000,1029,-29,1,view,6a13921c000000003502b71d,"completed"
http://xhslink.com/o/aEK6Rw64g1,6000,12000,12056,-56,2,view,6a0bf7a90000000008027153,"completed"
http://xhslink.com/o/8QQLR9eTt2E,12000,12000,12520,-520,1,view,6a103ae1000000003601fc21,"completed"
http://xhslink.com/o/3CuJtYgZIU7,15000,15000,16617,-1617,1,view,6a13bbdc000000003601e5a1,"completed"
http://xhslink.com/o/c7KA1t3Vz7,1000,1000,1036,-36,1,view,6a073dcd00000000070120ac,"completed"
http://xhslink.com/o/3C7b8EW03y1,1000,1000,1065,-65,1,view,6a142b4f00000000360002b2,"completed"
http://xhslink.com/o/60p0BPWKXZ,2000,2000,2021,-21,1,view,6a103d040000000007029d0b,"completed"
http://xhslink.com/o/2KPm5Xw3wt2,2000,2000,2014,-14,1,view,6a10569a000000000803d66e,"completed"
http://xhslink.com/o/9KGy4ZOnUDf,1000,1000,1012,-12,1,view,6a103cbc000000000803ca7a,"completed"
http://xhslink.com/m/7I7Rsw9fZ2c,1000,1000,1017,-17,1,view,6a10fcb5000000000702d82f,"completed"
http://xhslink.com/m/8jV5yZMm5Wl,1000,1000,1048,-48,1,view,6a0d1da3000000000701253a,"completed"
http://xhslink.com/m/2Sac5r1UxgA,1000,1000,1026,-26,1,view,6a0ab43b000000000800208d,"completed"
http://xhslink.com/o/8ySICFbnQPj,1000,1000,1163,-163,1,view,6a1410b7000000000702a943,"completed"
http://xhslink.com/o/1wNAhgK2fob,1000,1000,1212,-212,1,view,6a145079000000000702cda4,"completed"
http://xhslink.com/o/9BizA26aWTV,500,1500,2183,-683,2,view,6a12ce34000000000702aab8,"completed"
http://xhslink.com/o/9f81p52pvcd,500,1500,2250,-750,2,view,6a11cd59000000000603605c,"completed"
http://xhslink.com/o/7l7OLCQp9tv,1000,1000,1331,-331,1,view,6a14f429000000003701e188,"completed"
http://xhslink.com/o/1cCLO4xhYpI,1000,2000,2185,-185,2,view,6a139254000000003601ffef,"completed"
http://xhslink.com/o/7nbWkV8JocI,2000,2000,2069,-69,1,view,6a0ed171000000000802516d,"completed"
http://xhslink.com/o/A4BBsLaVFiw,10000,10000,10389,-389,1,view,6a14f763000000000702c135,"completed"
http://xhslink.com/o/4DeLGCCaSBQ,2000,2000,2082,-82,1,view,6a11cb1b0000000006033965,"completed"
http://xhslink.com/o/5cMGYQkMz9v,2000,2000,2022,-22,1,view,6a1123760000000008026ff3,"completed"
http://xhslink.com/o/6Agg1hUpYS4,1000,1000,1005,-5,1,view,6a13b09d0000000006022730,"completed"
http://xhslink.com/o/AP0nOX0FV6q,1000,1000,1066,-66,1,view,6a1393e7000000003701dd45,"completed"
http://xhslink.com/o/3nR825HLrRZ,2000,2000,2195,-195,1,view,6a14e0980000000006035457,"completed"
http://xhslink.com/o/1eQguBPKA6x,5000,5000,5132,-132,1,view,6a141f580000000008027d15,"completed"
http://xhslink.com/o/1lEAh1vmMvV,1000,1000,1052,-52,1,view,6a1400d30000000006021ed2,"completed"
http://xhslink.com/o/6e2eRYNIgMv,1000,1000,1226,-226,1,view,6a144343000000003501cd5c,"completed"
http://xhslink.com/o/8P8cUHcUOuP,1000,1000,1168,-168,1,view,6a14429a0000000035032de0,"completed"
http://xhslink.com/o/KSMedJDsGA,5000,5000,4888,112,2,view,6a1436a000000000350208d5,"completed,running"
http://xhslink.com/o/AQSWoQ2HWu6,1000,1000,1008,-8,1,view,6a1272b40000000007027f6d,"completed"
http://xhslink.com/o/AUG1v0RSSQl,2000,2000,2009,-9,1,view,6a0e8bab0000000008026ff8,"completed"
http://xhslink.com/o/AvEi0sE2QW,2000,2000,2030,-30,1,view,6a0d732a0000000007027242,"completed"
http://xhslink.com/o/4nrcbdsDoch,2000,2000,2021,-21,1,view,6a128a0800000000070272d5,"completed"
http://xhslink.com/o/7bcEOY94VsV,1000,1000,1051,-51,1,view,6a13a51e0000000037036dca,"completed"
http://xhslink.com/o/6WiaJxDFs4j,1500,1500,1524,-24,1,view,6a13bc1e000000003600176b,"completed"
http://xhslink.com/o/NVSZ7Qb0cS,1000,1000,1137,-137,1,view,6a144fbc000000003700e3f4,"completed"
http://xhslink.com/o/2Ej8OSV7JQl,1000,3000,3113,-113,2,view,6a10234f0000000007028b4c,"completed"
http://xhslink.com/o/4moq2QACBxt,1000,2000,3449,-1449,1,view,6a101a97000000003502b9b0,"completed"
http://xhslink.com/o/7O2pxxw3qtU,2000,2000,2048,-48,1,view,6a14e5b1000000000602113e,"completed"
http://xhslink.com/o/1PDTMnA1lnU,1000,1000,1015,-15,1,view,6a12e1520000000008024c66,"completed"
http://xhslink.com/o/8JFYkDTzOV4,3000,3000,3102,-102,1,view,6a1403eb0000000035021544,"completed"
http://xhslink.com/o/7tToLtNGiVc,1000,1000,1194,-194,1,view,6a14204a000000000803f1b6,"completed"
http://xhslink.com/o/4RznqOuiHHx,2000,2000,2091,-91,1,view,6a0ed8fa000000003503ae55,"completed"
http://xhslink.com/o/7IliJSd98E5,2000,4000,6320,-2320,2,view,6a13b3a5000000003703724f,"completed"
http://xhslink.com/o/84oy5GbPH05,2000,4000,6328,-2328,2,view,6a14186200000000350213ab,"completed"
http://xhslink.com/o/9JBFdBi3fOp,2000,2000,2032,-32,1,view,6a0b0fb600000000350281c4,"completed"
http://xhslink.com/o/6SNjFqRJMxD,2000,2000,2115,-115,1,view,6a067a870000000008001c7f,"completed"
http://xhslink.com/o/27v3c4tKouZ,1000,1000,1041,-41,1,view,6a141a3c0000000006037460,"completed"
http://xhslink.com/o/Alses5jtuX,1000,1000,1166,-166,1,view,6a145640000000003701e9d5,"completed"
http://xhslink.com/o/9n7z79j6xUT,3000,5000,5050,-50,2,view,6a084ea60000000036033c09,"completed"
http://xhslink.com/o/2ybJcvaPPNY,2000,2000,2030,-30,1,view,6a10523a0000000036032cc0,"completed"
http://xhslink.com/o/2QaNOIVoMpO,2000,2000,2164,-164,1,view,6a1479fe000000003700ec80,"completed"
http://xhslink.com/o/1Xazs5kmI1B,2000,2000,2065,-65,1,view,6a11fda40000000038037a1b,"completed"
http://xhslink.com/o/7Z3kfBr2B3K,3000,3000,3173,-173,1,view,6a146557000000003502e85c,"completed"
http://xhslink.com/o/9W5u33YjvXx,4000,4000,4305,-305,1,view,6a1413c7000000003601a4f8,"completed"
http://xhslink.com/o/9udL2clNeTj,3000,3000,3107,-107,1,view,6a1414e0000000003701e334,"completed"
http://xhslink.com/o/1FTjdq4g7v5,2000,2000,2194,-194,1,view,6a14689300000000080037f4,"completed"
http://xhslink.com/o/6CKDDcReY9o,2000,2000,2143,-143,1,view,6a142d070000000007028511,"completed"
http://xhslink.com/o/9E7DpNR0ZdI,2000,2000,2115,-115,1,view,6a1474e2000000003601e805,"completed"
http://xhslink.com/o/AVUladU0kc9,1000,1000,1226,-226,1,view,6a142f960000000038034aa1,"completed"
http://xhslink.com/o/9FHnTD2qVW0,1000,1000,1257,-257,1,view,6a14851a00000000060211b6,"completed"
http://xhslink.com/o/7QVvqPicyme,1000,1000,1211,-211,1,view,6a13d04000000000060324d6,"completed"
http://xhslink.com/o/8iOGXS9H4qB,1000,1000,1124,-124,1,view,6a11beb4000000000803f4e1,"completed"
http://xhslink.com/o/A69KspGzv5R,1000,1000,1274,-274,1,view,6a14f8db000000000702c6b1,"completed"
http://xhslink.com/o/AaYZ2G77Iu6,1000,1000,1930,-930,1,view,6a13ff19000000003503b955,"completed"
http://xhslink.com/o/AYuHXQu6set,2000,2000,2744,-744,1,view,6a13c7bf0000000035033b9f,"completed"
http://xhslink.com/o/6Uj5Mjki1sO,2000,2000,2818,-818,1,view,6a145ec600000000360031cd,"completed"
http://xhslink.com/o/802ncP9Vgnt,500,500,536,-36,1,view,6a139888000000000702d76e,"completed"
http://xhslink.com/o/8iH7w9LpJze,8000,4000,4141,-141,1,view,6a12d44500000000350328a3,"completed"
http://xhslink.com/o/AREqBvrM5E7,3000,3000,3272,-272,2,view,6a14353a00000000070257f3,"completed"
http://xhslink.com/o/7mtxPHPFmCJ,1000,1000,1245,-245,1,view,6a13dd47000000003601d0d7,"completed"
http://xhslink.com/o/61cOmXQqjBW,1000,1000,1220,-220,1,view,6a14f183000000000603798a,"completed"
http://xhslink.com/o/86vWsdUE0zz,500,500,529,-29,1,view,6a0fffba000000003503367c,"completed"
http://xhslink.com/o/8yzMltyvF3R,1500,1500,1644,-144,1,view,6a13a4bc0000000035025b41,"completed"
http://xhslink.com/o/3hdUV2TspTe,2500,2500,2826,-326,1,view,6a1149f70000000008031d4e,"completed"
http://xhslink.com/o/8CgdzGStFyz,1000,1000,1064,-64,1,view,6a131b4200000000070101cb,"completed"
http://xhslink.com/o/16RgAjxUpjx,2000,4000,4207,-207,3,view,6a119b27000000003601a330,"completed"
http://xhslink.com/o/ZAwx5j42Dm,2000,2000,2046,-46,1,view,6a0ef465000000003701c1f8,"completed"
http://xhslink.com/o/3rJjgM0sOR0,2000,2000,2064,-64,1,view,6a13c5c9000000000802434a,"completed"
http://xhslink.com/o/6liLPWQxEuG,3000,9000,9573,-573,3,view,6a0eb6cb000000003701c9ac,"completed"
http://xhslink.com/o/8hr4jeuqkJG,3000,3000,3346,-346,1,view,6a103eae000000003503a051,"completed"
http://xhslink.com/o/AvbLlrISuSR,3000,3000,3333,-333,1,view,6a12f24a00000000370376fe,"completed"
http://xhslink.com/o/52dySCvIaPq,3000,3000,3028,-28,1,view,6a0c4a55000000003700c795,"completed"
http://xhslink.com/o/4on7DzqZEI,3000,6000,6117,-117,2,view,6a0c3bd5000000003701da18,"completed"
http://xhslink.com/o/9YHOkMQIDFZ,3000,3000,3047,-47,1,view,69fb11da0000000037037305,"completed"
http://xhslink.com/o/3ePZnXbxAxe,3000,3000,3031,-31,1,view,6a052f2b0000000038035606,"completed"
http://xhslink.com/o/96Zu53d1XfC,1000,1000,1060,-60,1,view,6a13f51b000000000702e314,"completed"
http://xhslink.com/m/95eQjocuzjg,1000,1000,1025,-25,1,view,6a0130be0000000008001c3c,"completed"
http://xhslink.com/m/AvbHWVBU4ya,1000,1000,1023,-23,1,view,69d629ae0000000022024aac,"completed"
http://xhslink.com/o/9CKs1L9iWLu,8000,8000,8369,-369,1,view,6a144da60000000008003248,"completed"
http://xhslink.com/o/8PFOSx2fuWL,2000,4000,4009,-9,2,view,6a0d62fa000000003502db5f,"completed"
http://xhslink.com/o/7FEIDn0pcvl,1000,4000,4064,-64,2,view,6a0c0422000000003701c5a7,"completed"
http://xhslink.com/o/2AWcMzE2ud5,2000,5000,5117,-117,3,view,6a0fea920000000036033615,"completed"
http://xhslink.com/o/AXKrN5NYwPF,3000,3000,3109,-109,1,view,6a07457c0000000008002d41,"completed"
http://xhslink.com/o/4K6jbUIiySA,2000,3000,3047,-47,2,view,6a11554800000000380218ee,"completed"
http://xhslink.com/o/8jPtExGwvb4,1000,1000,1034,-34,1,view,6a11680c000000003503825c,"completed"
http://xhslink.com/o/2GVIVPkOrEW,1000,1000,1105,-105,1,view,6a100ca2000000000702d96e,"completed"
http://xhslink.com/o/8NaxtdLPPeo,1000,1000,1252,-252,1,view,6a13bbb9000000003803435b,"completed"
http://xhslink.com/o/9TkOgUtI0mf,1000,1000,1100,-100,1,view,6a13c6c0000000003501d16c,"completed"
http://xhslink.com/o/4jdIORZpBD8,3000,3000,3007,-7,1,view,6a115570000000003502e22c,"completed"
http://xhslink.com/o/19W79I39MtJ,2000,2000,2173,-173,1,view,6a140a1d000000003502cd93,"completed"
http://xhslink.com/o/8A2Yc3uehYy,1000,4000,4302,-302,3,view,6a1023ec0000000035023e41,"completed"
http://xhslink.com/o/AkrZre1Tu7q,2000,2000,2203,-203,1,view,6a14f7f10000000035027563,"completed"
http://xhslink.com/o/4SkvNSCVmrm,1000,1000,1429,-429,1,view,6a13bafb000000003503361a,"completed"
http://xhslink.com/o/sBJrvA7Sc0,2000,2000,2123,-123,1,view,6a13bbae00000000360187e5,"completed"
http://xhslink.com/o/1wwfiSrhTR9,4000,4000,4016,-16,1,view,6a1263420000000036032a5f,"completed"
http://xhslink.com/o/5UgOS6noz1E,3000,3000,3050,-50,1,view,6a101c18000000000603163f,"completed"
http://xhslink.com/o/80bao2r9u8k,1000,1000,1037,-37,1,view,6a0b010d000000003701ec8b,"completed"
http://xhslink.com/o/7XVohUR2AP3,1000,2000,2027,-27,2,view,6a0bcb6100000000370341bc,"completed"
http://xhslink.com/m/sdGsvsywED,1000,1000,1082,-82,1,view,6a0c0d26000000003502aaa5,"completed"
http://xhslink.com/m/4xEzFK7KIXd,1000,1000,1055,-55,1,view,6a13bea7000000003501e53f,"completed"
http://xhslink.com/m/8A2iAhSaD9Z,1000,1000,1025,-25,1,view,6a0ec7d8000000003600057d,"completed"
http://xhslink.com/m/80uvvFOFoRS,1000,1000,1003,-3,1,view,6a01e80e00000000360018bb,"completed"
http://xhslink.com/m/816MenKUmO1,1000,1000,1016,-16,1,view,69fefa3e000000003502cf68,"completed"
http://xhslink.com/m/8YSAji0oBR8,1000,1000,1006,-6,1,view,69b7626c00000000230213e0,"completed"
http://xhslink.com/m/3UVTwCPRG8u,1000,1000,1008,-8,1,view,69da0211000000001d0181a4,"completed"
http://xhslink.com/o/2IaQVbvOEDw,500,500,705,-205,1,view,6a14e534000000003501c4a4,"completed"
http://xhslink.com/o/1lFCnNdJgza,1000,1000,1025,-25,1,view,6a0c8100000000003502ed59,"completed"
http://xhslink.com/o/8DtpqwtdR7a,1000,1000,1003,-3,1,view,6a0c1c1a0000000035027dac,"completed"
http://xhslink.com/o/1PzCjTZ59xE,1000,1000,1094,-94,1,view,6a130ab0000000003502dc99,"completed"
http://xhslink.com/o/2smIPUlBiP5,1000,1000,1049,-49,1,view,6a12c75f000000003502ce32,"completed"
http://xhslink.com/o/26jMQN4YiUk,1000,1000,1002,-2,1,view,6a131e080000000035025a90,"completed"
http://xhslink.com/o/qM0LIuIPIK,1000,1000,1003,-3,1,view,6a097c1400000000350386e4,"completed"
http://xhslink.com/o/GUrRf3Mlmk,3000,3000,3032,-32,1,view,6a1470a600000000080252fe,"completed"
http://xhslink.com/o/42OcB58qRnz,10000,10000,10553,-553,1,view,6a14694f0000000035025a9b,"completed"
http://xhslink.com/o/1RSh4l8sNYN,10000,10000,10577,-577,1,view,6a09d5b20000000035022dff,"completed"
http://xhslink.com/o/7PVJCNPzqQg,10000,10000,10534,-534,1,view,6a146e1b0000000036003af2,"completed"
http://xhslink.com/o/3gyLbMFXJsG,10000,10000,10566,-566,1,view,6a146eba000000003700c643,"completed"
http://xhslink.com/o/FWnSoz4fl3,10000,10000,10477,-477,1,view,6a146829000000003502f590,"completed"
http://xhslink.com/o/3aHJWHZOj5K,10000,10000,10476,-476,1,view,6a1467c9000000003502a0f5,"completed"
http://xhslink.com/o/5za21c4rdiy,10000,10000,10552,-552,1,view,6a14677a0000000035039f02,"completed"
http://xhslink.com/o/8cB7jKqVgGZ,10000,10000,10551,-551,1,view,6a146e800000000036003ca3,"completed"
http://xhslink.com/o/7RWJZSK7Fg5,10000,10000,10574,-574,1,view,6a14ea2e00000000360014a5,"completed"
http://xhslink.com/o/2VZcNXNaCFQ,10000,10000,10547,-547,1,view,6a146f14000000003601d0be,"completed"
http://xhslink.com/o/3OOUVZPlmZ8,10000,10000,10556,-556,1,view,6a14ea6a00000000380348db,"completed"
http://xhslink.com/o/9VIljho7htJ,20000,20000,16702,3298,1,view,6a144dbe0000000007020bcc,"running"
http://xhslink.com/o/8zTYHLbJOEF,20000,20000,16088,3912,1,view,6a133df60000000008032f47,"running"
http://xhslink.com/o/8lBIBqV601L,20000,20000,16697,3303,1,view,6a13da2c00000000080303bc,"running"
http://xhslink.com/o/AxNsLGsj84A,20000,20000,17015,2985,1,view,6a144ef60000000006032a09,"running"
http://xhslink.com/o/67ofzBWytdp,20000,20000,16852,3148,1,view,6a13b30d00000000070252ad,"running"
http://xhslink.com/o/7HJUyBefOjM,20000,20000,16695,3305,1,view,6a13b2bd00000000070133d3,"running"
http://xhslink.com/o/5KItLK3HqtJ,1000,1000,1094,-94,1,view,6a0f10fa0000000038037d53,"completed"
http://xhslink.com/o/9m7fz091psd,15000,15000,17230,-2230,1,view,6a133e170000000007022560,"completed"
http://xhslink.com/o/A8AczVV6jXO,15000,15000,17088,-2088,1,view,6a133e6a0000000006021146,"completed"
http://xhslink.com/o/89x8aITWIcX,15000,15000,17208,-2208,1,view,6a133eb2000000000803300a,"completed"
http://xhslink.com/o/8uLbB4DCFIS,15000,15000,17353,-2353,1,view,6a133ef60000000007022628,"completed"
http://xhslink.com/o/6kynYstoyS2,15000,15000,17158,-2158,1,view,6a133f3f0000000006021224,"completed"
http://xhslink.com/o/3dxm3unkvp9,1000,1000,1172,-172,1,view,6a13f3da00000000380217d5,"completed"
http://xhslink.com/o/1BMj5bbiaiI,1500,1500,1506,-6,1,view,6a0d6a7e00000000060368e3,"completed"
http://xhslink.com/o/2kf5iRyy8a3,1500,1500,1519,-19,1,view,6a0e7ef800000000060203a6,"completed"
http://xhslink.com/o/1TqYglrWkyG,2000,2000,2095,-95,2,view,6a13fc2500000000070216cd,"completed"
http://xhslink.com/o/16zLutyK6NT,2000,2000,2193,-193,1,view,6a12b5130000000007012c2e,"completed"
http://xhslink.com/o/AX3nYyWzghM,3000,3000,3044,-44,1,view,6a13fd6a00000000080242b7,"completed"
http://xhslink.com/o/6K3AmAMUCWJ,1000,1000,1159,-159,1,view,6a130406000000003601e80a,"completed"
http://xhslink.com/o/7xZM2UWuPzw,1000,1000,1219,-219,1,view,6a13d2340000000006032d19,"completed"
http://xhslink.com/o/BNBdllUsNU,2000,2000,2047,-47,1,view,6a127ae20000000036032f71,"completed"
http://xhslink.com/o/8MQ5PbVmk29,1000,1000,1298,-298,1,view,6a15029f000000003701e21a,"completed"
http://xhslink.com/o/3er9P8RGHD8,5000,5000,5612,-612,1,view,6a1434e50000000008026d3f,"completed"
http://xhslink.com/o/59v82KxfOgY,5000,5000,5098,-98,1,view,6a13bc6a0000000035024d16,"completed"
http://xhslink.com/o/AhJaZTO5Dvf,6000,6000,9654,-3654,1,view,6a13cf310000000035032061,"completed"
http://xhslink.com/o/c7HgG1AN20,10000,10000,11299,-1299,1,view,6a104ad20000000008030b7c,"completed"
http://xhslink.com/o/MkbS24PuRH,5000,5000,5085,-85,1,view,6a02a8120000000038034321,"completed"
http://xhslink.com/o/2Ij7jPXGMXE,1000,1000,1051,-51,1,view,6a127b74000000003701e2b9,"completed"
http://xhslink.com/o/5DUyHZXF2TW,500,500,807,-307,1,view,6a13b9fe0000000008000862,"completed"
http://xhslink.com/o/5UvckFbUJa7,500,500,763,-263,1,view,6a1400bf0000000007027c0f,"completed"
http://xhslink.com/o/rKliQgaf91,500,500,501,-1,1,view,6a1501b2000000003502ad7b,"completed"
http://xhslink.com/o/1tMBoWgcscP,500,500,804,-304,1,view,6a13b9690000000036000908,"completed"
http://xhslink.com/o/5DdP59EJK21,500,500,782,-282,1,view,6a13ba760000000035033344,"completed"
http://xhslink.com/o/206NxRb5RmA,500,500,803,-303,1,view,6a13bab800000000060215cb,"completed"
http://xhslink.com/o/50jsYM10VTE,500,500,801,-301,1,view,6a1427c30000000008031153,"completed"
http://xhslink.com/o/6Cwqu1zhCE6,500,500,729,-229,1,view,6a13b8df0000000008032c0f,"completed"
http://xhslink.com/o/8IlfZVWPYPu,500,500,823,-323,1,view,6a13fd930000000008032b61,"completed"
http://xhslink.com/o/5CA7PXeY25y,500,500,783,-283,1,view,6a142a770000000008027718,"completed"
http://xhslink.com/o/1ZJVZ25o1Lg,500,500,793,-293,1,view,6a1405c90000000006034324,"completed"
http://xhslink.com/o/2Zs2k6mku1C,1000,1000,1063,-63,1,view,6a10fc6c0000000006020a14,"completed"
http://xhslink.com/o/luHURWkWDo,1000,1000,1029,-29,1,view,6a122e810000000006035b55,"completed"
http://xhslink.com/o/1FPPUDBDNlz,2000,3000,3091,-91,2,view,6a0b8d9f000000003503ade5,"completed"
http://xhslink.com/o/AksrDc8y0Fn,1000,1000,1019,-19,1,view,6a130337000000003502f0b4,"completed"
http://xhslink.com/o/GJHscghq1t,1000,2000,2142,-142,2,view,6a1180b60000000035033fac,"completed"
http://xhslink.com/o/1IPPwlxopxH,1000,1000,1086,-86,1,view,6a0dc3760000000035029631,"completed"
http://xhslink.com/o/6QAUqK11CpL,1500,1500,1767,-267,1,view,6a110f9d00000000360006ee,"completed"
http://xhslink.com/o/ROk7lFJK7T,1000,3000,3209,-209,2,view,6a0ec2700000000007026d6d,"completed"
http://xhslink.com/o/4E1o9tljZUy,500,500,688,-188,1,view,6a140456000000003700dd44,"completed"
http://xhslink.com/o/3CNPGS5gW9y,500,500,696,-196,1,view,6a13ad06000000003601d919,"completed"
http://xhslink.com/o/7UuDlTGJbht,4000,4000,4262,-262,1,view,6a1426da0000000007024e26,"completed"
http://xhslink.com/o/7V2L4cIKHIi,4000,2000,2059,-59,1,view,6a143e7500000000350315e5,"completed"
http://xhslink.com/o/65Kq6htHavO,1000,1000,1039,-39,1,view,6a106669000000003502e2f4,"completed"
http://xhslink.com/o/1eDMsEWi7vB,1000,2000,3333,-1333,2,view,6a11a1af000000003701ff1f,"completed"
http://xhslink.com/o/2Cmp52obFMq,1000,500,817,-317,1,view,6a141c1f0000000036019b9e,"completed"
http://xhslink.com/o/5gBKfnzpMph,2000,2000,2063,-63,1,view,6a14241b000000003501d8c4,"completed"
http://xhslink.com/o/AaSocE6Dw4G,2000,2000,2217,-217,1,view,6a14eff60000000008025be0,"completed"
http://xhslink.com/o/20k0NtLIIyg,1000,1000,1232,-232,1,view,6a12e10c0000000008024add,"completed"
http://xhslink.com/o/A4KeZM6pyyZ,5000,10000,15212,-5212,2,view,6a140032000000003502d2c1,"completed"
http://xhslink.com/o/4UkMss50blM,3000,3000,3173,-173,1,view,6a13ac08000000003502dddc,"completed"
http://xhslink.com/o/2hSUFKHYkr7,1000,1000,1026,-26,1,view,6a05b5d40000000006021680,"completed"
http://xhslink.com/o/JC9OUj3PRK,1000,1000,1070,-70,1,view,69e46bf6000000002202862a,"completed"
http://xhslink.com/o/1f79fv5CT1u,1000,1000,1111,-111,1,view,6a13e66a0000000007027aa0,"completed"
http://xhslink.com/o/1z52uPJYvjT,2000,2000,2314,-314,1,view,6a11112e0000000035032976,"completed"
http://xhslink.com/o/A3jjRxruAGj,1000,1000,1008,-8,1,view,69edde3a000000002301f76c,"completed"
http://xhslink.com/o/2VJ2cZDGNPG,2000,2000,2049,-49,1,view,6a11983c00000000060344c6,"completed"
http://xhslink.com/o/4lVPiLvACX8,1000,1000,1017,-17,1,view,6a0d54fe00000000070250f0,"completed"
http://xhslink.com/o/1pEFw4YJjeg,1000,1000,1019,-19,1,view,6a101a4a000000000603683f,"completed"
http://xhslink.com/o/4gvLLPSSYrc,1000,2000,2307,-307,2,view,6a0527a60000000008033a02,"completed"
http://xhslink.com/o/ZiPZqJp3S4,1000,2000,2303,-303,2,view,6a104ee00000000035027352,"completed"
http://xhslink.com/o/2Wu2KXOsBLf,1000,1000,1207,-207,1,view,6a142a0100000000360333e6,"completed"
http://xhslink.com/o/Ag20G6Gv6Zr,2000,2000,2199,-199,2,view,6a142ac2000000003502d61c,"completed"
http://xhslink.com/o/4JdU39X7VDd,1000,1000,1010,-10,1,view,6a0ffc4a00000000350382b0,"completed"
http://xhslink.com/o/9MWvN5kTppg,1000,1000,1010,-10,1,view,6a105d8f0000000007027812,"completed"
http://xhslink.com/o/ArBdaWqXMSY,1000,1000,1227,-227,1,view,6a0fbe4a000000003601860b,"completed"
http://xhslink.com/o/74OdFpIa9vm,1000,1000,1179,-179,1,view,6a0e715e000000003803610a,"completed"
http://xhslink.com/o/60tg2B7lqdX,1000,1000,1153,-153,1,view,6a1110740000000037037f2e,"completed"
http://xhslink.com/o/36wzoWC702P,1000,1000,1023,-23,1,view,6a0d12550000000007012e72,"completed"
http://xhslink.com/o/9QTKgxkBk5V,1000,1000,1015,-15,1,view,6a1262f40000000006035cfb,"completed"
http://xhslink.com/o/4hpJQC09g3P,1000,1000,1134,-134,1,view,6a12fcf9000000003600359a,"completed"
http://xhslink.com/o/3sdHQrhZTQs,1000,1000,1010,-10,1,view,6a12cf8c00000000380203c4,"completed"
http://xhslink.com/o/3yCdueJzS1b,1000,1000,1038,-38,1,view,6a11520b0000000007012bd5,"completed"
http://xhslink.com/o/AhceItsi5Ni,1000,2000,3253,-1253,2,view,6a13eabc000000003601d3c8,"completed"
http://xhslink.com/o/4pHe2aw9JZ9,1000,1000,1268,-268,1,view,6a13b45e0000000007020b76,"completed"
http://xhslink.com/o/9m7JiYOuoZK,1000,1000,1033,-33,1,view,6a0e5f80000000000702f0c8,"completed"
http://xhslink.com/o/3sYULReSgmH,1000,1000,1038,-38,1,view,6a14107b000000000800276b,"completed"
http://xhslink.com/o/2ebT91rFoUC,500,500,582,-82,1,view,6a0ff563000000000602126b,"completed"
http://xhslink.com/o/3Ygr5YVpJAF,500,500,607,-107,1,view,6a101d9e0000000035038cf1,"completed"
http://xhslink.com/o/2Jl5ViRtWzc,500,500,666,-166,1,view,6a101e2d000000000702ab86,"completed"
http://xhslink.com/o/6zkllf3I2Y7,500,500,551,-51,1,view,6a139e6700000000070124cb,"completed"
http://xhslink.com/o/4p8DeF9qv6f,500,500,521,-21,1,view,69edca04000000003701fa13,"completed"
http://xhslink.com/o/6p8PDfFxe51,500,500,506,-6,1,view,69e1e4f0000000001a030dcf,"completed"
http://xhslink.com/o/3Pb67suswFP,500,500,539,-39,1,view,69edd9cf00000000370356fb,"completed"
http://xhslink.com/o/81nEPDI3IYi,500,500,511,-11,1,view,69ed7512000000003601b031,"completed"
http://xhslink.com/o/373U0duRgIG,500,500,508,-8,1,view,69f0347300000000380205eb,"completed"
http://xhslink.com/o/3DkCZTRyzqa,500,500,505,-5,1,view,69e32741000000001a023498,"completed"
http://xhslink.com/o/5V1UtjLqvk5,2000,3000,5856,-2856,2,view,6a1268360000000036030479,"completed"
http://xhslink.com/o/1Jhc26dYyJl,1000,1000,1018,-18,1,view,69f72f090000000023014193,"completed"
http://xhslink.com/o/3aXn61e7MCi,1000,1000,1044,-44,1,view,69cf13d3000000002003bcae,"completed"
http://xhslink.com/o/u3peF3Q8Kf,1000,1000,1257,-257,1,view,6a12ddaf000000000803e827,"completed"
http://xhslink.com/o/Al4qSDIDZQ9,1000,1000,1313,-313,1,view,6a1403de0000000035024711,"completed"
http://xhslink.com/o/9UNVCrhmILh,1000,1000,1018,-18,1,view,6a0e8016000000000702d346,"completed"
http://xhslink.com/o/9IBIseM9e1y,1000,1000,1108,-108,1,view,6a13dfa30000000007010060,"completed"
http://xhslink.com/o/8ynORJrW6Jo,1000,1000,1225,-225,1,view,6a1242ac0000000036033323,"completed"
http://xhslink.com/o/9y0V7SC87Qh,1000,1000,1014,-14,1,view,6a031bde0000000006030a22,"completed"
http://xhslink.com/o/1iaEIQeQh5S,1000,1000,1040,-40,1,view,6a070ddc0000000038021382,"completed"
http://xhslink.com/o/2zdofLIcBtQ,1000,1000,1030,-30,1,view,6a028a8b00000000350288c6,"completed"
http://xhslink.com/o/3JyHwFLbTtR,1000,1000,1329,-329,1,view,6a14fb2200000000080241e3,"completed"
http://xhslink.com/o/6xLF2e7ce87,1000,1000,1077,-77,1,view,69f733f4000000001f0024f1,"completed"
http://xhslink.com/o/qpPFbAfRhE,2000,2000,2079,-79,1,view,6a12fc900000000007012988,"completed"
http://xhslink.com/o/AfIyx15yyjC,4000,4000,4112,-112,1,view,6a12d5cd00000000350292d3,"completed"
http://xhslink.com/o/2tEQmag47tM,2000,2000,2032,-32,1,view,6a102f660000000008033619,"completed"
http://xhslink.com/o/28yOS0hG1o5,1000,1000,1230,-230,1,view,6a14fdf10000000008024d65,"completed"
http://xhslink.com/o/sXyvrB7Isn,1000,1500,2947,-1447,2,view,6a14464f000000000803f933,"completed"
http://xhslink.com/o/AePT9RfEmon,1000,2000,3334,-1334,1,view,6a13b256000000003600241b,"completed"
http://xhslink.com/o/AQxlMJx296g,2000,2000,2187,-187,1,view,6a140854000000003503af77,"completed"
http://xhslink.com/o/81bn1HpdNHu,1000,1000,1029,-29,1,view,6a140d850000000035032e64,"completed"
http://xhslink.com/o/6kBpaME8d1N,3000,4000,4257,-257,2,view,6a0ff1110000000038023efe,"completed"
http://xhslink.com/o/1QE2eaZU3UE,3000,3000,3025,-25,1,view,6a0d2bb7000000003502f0ec,"completed"
http://xhslink.com/o/4hlnJVq6fjK,3000,3000,3004,-4,1,view,6a12a7d1000000003503bfc0,"completed"
http://xhslink.com/o/1b8VnxJNsWa,3000,3000,3046,-46,1,view,6a0c482c000000003701e268,"completed"
http://xhslink.com/o/2iE41XU05nl,1000,1000,1299,-299,1,view,6a1502e3000000000803d3c1,"completed"
http://xhslink.com/o/3cXSSO7mgsm,3000,8000,11622,-3622,3,view,6a0d8449000000003501d1db,"completed"
http://xhslink.com/o/5b4hpVo8yVt,2000,3000,5548,-2548,2,view,6a140f8e0000000006037739,"completed"
http://xhslink.com/o/1C0IpmFYKc6,2000,2000,2089,-89,1,view,6a0adbe10000000035032681,"completed"
http://xhslink.com/o/78Toimu5WEO,5000,5000,7304,-2304,1,view,6a0420b50000000007022aee,"completed"
http://xhslink.com/o/1LAXkqycbgR,3000,3000,3205,-205,1,view,6a13c14c000000000702ad8b,"completed"
http://xhslink.com/o/3gBVc5qUo5p,3000,13000,13488,-488,3,view,6a0be115000000003701d798,"completed"
http://xhslink.com/o/33sfZRlpZQN,1000,1000,1152,-152,1,view,6a142f6b000000000603017f,"completed"
http://xhslink.com/o/8mZjSctNTad,5000,5000,5045,-45,1,view,6a13ec8f000000003502e63b,"completed"
http://xhslink.com/o/2LxylfGc8Mz,3000,3000,3023,-23,1,view,6a114c0c0000000008027c50,"completed"
http://xhslink.com/o/7UzWQJEiP3v,3000,3000,3027,-27,1,view,6a116ce80000000035025458,"completed"
http://xhslink.com/o/5SCIVHZSJRK,3000,6000,6495,-495,2,view,6a0c148a0000000038036fde,"completed"
http://xhslink.com/o/7diDUWPgaM2,2000,2000,2013,-13,1,view,69fda1ed00000000230060f0,"completed"
http://xhslink.com/o/7sTjv7FOXgS,2000,3000,3288,-288,2,view,6a0dc26d000000003601be55,"completed"
http://xhslink.com/o/3hBthTekfcf,3000,3000,3053,-53,1,view,6a11766d0000000035033c8f,"completed"
http://xhslink.com/o/4Tp7rcRdxGJ,2000,2000,2041,-41,1,view,69f1af86000000003701de27,"completed"
http://xhslink.com/o/6ZjkYkafpA5,2000,2000,2307,-307,1,view,6a101ecf00000000380363b0,"completed"
http://xhslink.com/o/28VqNzoVrfJ,1000,1000,1041,-41,1,view,69fef43e000000001a02dd9b,"completed"
http://xhslink.com/o/3J2MiyuoQ6t,1000,1000,1038,-38,1,view,69e87084000000001a02da0c,"completed"
http://xhslink.com/o/3ZmHZ2sKYsy,1000,1000,1044,-44,1,view,69e1f9c9000000001a03611d,"completed"
http://xhslink.com/o/P9NZf68f2x,1000,1000,1033,-33,1,view,69dedff2000000001f00429f,"completed"
http://xhslink.com/o/8cNwc6Sjgek,1000,1000,1029,-29,1,view,69fa9d770000000023017f36,"completed"
http://xhslink.com/o/PTwpuwrPzy,3000,3000,3068,-68,1,view,6a14111f0000000035030485,"completed"
http://xhslink.com/o/5IDib8mBbRy,1000,1000,1223,-223,1,view,6a143104000000000803c801,"completed"
http://xhslink.com/o/6yjuylyxp3K,1000,1000,1165,-165,1,view,6a1403890000000006037727,"completed"
http://xhslink.com/o/3orkyanT7Be,1000,1000,1118,-118,1,view,6a0d8fa00000000008030eff,"completed"
http://xhslink.com/o/eGHHvB3Hrs,2000,2000,2078,-78,1,view,6a14310c00000000060309c8,"completed"
http://xhslink.com/o/7DpuLeA548b,5000,5000,5014,-14,1,view,6a13abbd0000000037034a73,"completed"
http://xhslink.com/o/AuMlHmD3PP7,2000,2000,2738,-738,1,view,6a150bea000000003501df53,"completed"
http://xhslink.com/o/8D30DiXnm6x,2000,2000,2036,-36,1,view,6a12ff6f00000000360335d0,"completed"
http://xhslink.com/o/517sneHsjv7,1000,1000,1028,-28,1,view,6a13c95e0000000008025409,"completed"
http://xhslink.com/o/5qcb5UB6PbW,1000,1000,1174,-174,1,view,6a1024ac0000000008024c6c,"completed"
http://xhslink.com/o/4ZjHlhSRTfE,500,500,534,-34,1,view,6a13e921000000003701e585,"completed"
http://xhslink.com/o/8Aya2eNX8hw,2000,4000,4270,-270,2,view,6a07e4a0000000003502e4cd,"completed"
http://xhslink.com/o/8WEMwOfvQXX,2000,3000,3167,-167,2,view,6a0c28bb0000000036001835,"completed"
http://xhslink.com/o/5eBjXAXkeVp,2000,6000,6397,-397,3,view,6a0ee3390000000036002fba,"completed"
http://xhslink.com/o/6nPFggB3HBt,1000,1000,1235,-235,1,view,6a1122aa000000003502b153,"completed"
http://xhslink.com/o/8b7szrkhube,1000,1000,1063,-63,1,view,6a0f0eca000000003503ad0e,"completed"
http://xhslink.com/o/5krePKbP8pB,1000,1000,1198,-198,1,view,6a13fc800000000035030ab1,"completed"
http://xhslink.com/o/6aprihYx22S,1000,1000,1295,-295,1,view,6a1441f8000000003502dda4,"completed"
http://xhslink.com/o/9bhB28kUCn7,1000,1000,1348,-348,1,view,6a141afd0000000038034f36,"completed"
http://xhslink.com/o/2V6ZIWaOIZd,2000,2000,2268,-268,1,view,6a150a920000000035029c13,"completed"
http://xhslink.com/o/4AXeP3gPqEV,1000,1000,1025,-25,1,view,6a13e652000000003502b055,"completed"
http://xhslink.com/o/3Qy3LPJ9Rjy,5000,5000,5079,-79,1,view,6a0dbb8a000000000702ef0d,"completed"
http://xhslink.com/o/4RehDlaZgBs,1000,1000,1147,-147,1,view,6a13ca6d000000003501e496,"completed"
http://xhslink.com/o/5Fe1E4fP8T1,3000,3000,3098,-98,1,view,6a12b8750000000037035ce4,"completed"
http://xhslink.com/o/7rMmNCaJFUX,1000,1000,1060,-60,1,view,6a13bf040000000007023d56,"completed"
http://xhslink.com/o/47AyqsQTrxV,1000,1000,1162,-162,1,view,6a1408910000000008027c97,"completed"
http://xhslink.com/o/7jtRFxd7HfJ,2000,4000,4063,-63,2,view,6a0f11860000000007013b86,"completed"
http://xhslink.com/o/AahIt7gybmA,2000,2000,2070,-70,1,view,6a1024fb000000000702e725,"completed"
http://xhslink.com/o/3GCJHUCeODp,2000,7000,7448,-448,4,view,6a0e663a000000000702ce42,"completed"
http://xhslink.com/o/1eqikYt7U2K,3000,12000,13230,-1230,4,view,6a0ff499000000003700f568,"completed"
http://xhslink.com/o/xT5tUxafyq,3000,3000,3112,-112,1,view,6a115a710000000038023883,"completed"
http://xhslink.com/o/1DQQo9G2Wm1,1000,1000,1010,-10,1,view,6a11a62e000000003700fc03,"completed"
http://xhslink.com/o/2yugopc7ndT,1000,1000,1120,-120,1,view,6a1398470000000035020449,"completed"
http://xhslink.com/o/6FdpWUIwlNB,1000,1000,1283,-283,1,view,6a14135800000000360326cb,"completed"
http://xhslink.com/o/4O9Okvb9HO9,1000,1000,1111,-111,1,view,6a143f72000000003502ce91,"completed"
http://xhslink.com/o/2t5pWmR6590,1000,1000,1331,-331,1,view,6a13bd3700000000060221d6,"completed"
http://xhslink.com/o/5Da5N1LVfIM,500,1000,1142,-142,2,view,6a114f990000000008033b90,"completed"
http://xhslink.com/o/8Zmvpoms1Wz,500,1000,1746,-746,2,view,6a0f1fc50000000006032f67,"completed"
http://xhslink.com/o/6JRLBYGFaE2,500,1500,1673,-173,3,view,6a0da1aa0000000007028f89,"completed"
http://xhslink.com/o/4QG9208APw9,500,1000,1668,-668,2,view,6a0c7f4b0000000007010987,"completed"
http://xhslink.com/o/9W6EU0pax98,500,1000,1155,-155,2,view,6a0c80690000000007026c5e,"completed"
http://xhslink.com/o/7JrgsY1yoqx,500,1000,1058,-58,2,view,6a09c9e90000000007024fec,"completed"
http://xhslink.com/o/7PDHGyKyyDU,500,500,502,-2,1,view,6a05a13f000000000803c938,"completed"
http://xhslink.com/o/5IiX0f1XLXo,500,1000,1021,-21,2,view,6a09a91c0000000006032647,"completed"
http://xhslink.com/o/659U1lm3SXA,2000,2000,2023,-23,1,view,6a13af8e0000000037035cd0,"completed"
http://xhslink.com/o/8nXco4rNrMR,1000,1000,1101,-101,1,view,6a139c860000000007023083,"completed"
http://xhslink.com/o/2c7RsLf7dtF,2000,2000,2242,-242,1,view,6a0d0eb700000000380360d4,"completed"
http://xhslink.com/o/5dX1o2SEpth,1000,1000,2142,-1142,1,view,6a13d5ff00000000080009d9,"completed"
http://xhslink.com/o/95cifOTJ4EX,1000,1000,1064,-64,1,view,6a0802df00000000070103f6,"completed"
http://xhslink.com/o/3KFQQP8KC0e,1000,1000,1131,-131,1,view,6a140c85000000003503886e,"completed"
http://xhslink.com/o/9IRWnzhTh46,1000,1000,1038,-38,1,view,69ede790000000003501e74b,"completed"
http://xhslink.com/o/9PWKSY63XbC,1000,1000,1009,-9,1,view,69fb20d3000000003502c89d,"completed"
http://xhslink.com/o/5LFRkBX41YC,3000,3000,3040,-40,1,view,6a12f261000000003601fb38,"completed"
http://xhslink.com/o/50d6qRMKQNr,1000,1000,1159,-159,1,view,6a101a1d0000000006030a29,"completed"
http://xhslink.com/o/7shDLHOoBXn,1000,1000,1052,-52,1,view,6a0ed2db000000000602267a,"completed"
http://xhslink.com/o/8kqmRj7bQjC,2000,2000,2068,-68,1,view,6a103076000000003700ee1f,"completed"
http://xhslink.com/o/9nDbCs5J7hl,1000,1000,1041,-41,1,view,6a091dee000000000702f20d,"completed"
http://xhslink.com/o/3aJmRM0Qf4r,13000,13000,15264,-2264,1,view,6a144970000000003502cab1,"completed"
http://xhslink.com/o/6Cou5pXkGkT,2000,4000,6536,-2536,2,view,6a1430e3000000003803520a,"completed"
http://xhslink.com/o/2RAVSYSA3Yq,2000,4000,6211,-2211,2,view,6a13fa640000000035021e06,"completed"
http://xhslink.com/o/69bPQBc85Af,3000,3000,3085,-85,1,view,6a144422000000003701fdec,"completed"
http://xhslink.com/o/49ZZblmdGMW,1500,1500,1842,-342,1,view,6a150a010000000036001930,"completed"
http://xhslink.com/o/8hTRzDOLfND,1500,1500,1534,-34,1,view,6a140a7f0000000035026ed1,"completed"
http://xhslink.com/o/8iHHZuKdUci,1000,1000,1050,-50,1,view,6a132f47000000003701c4e3,"completed"
http://xhslink.com/o/KhA1yzzbhg,1000,3000,3099,-99,3,view,6a0c0f28000000003700dd58,"completed"
http://xhslink.com/o/3pT9ldDV1Tb,1000,2000,2087,-87,2,view,6a0c21d40000000038037f3f,"completed"
http://xhslink.com/o/XMKm2gtw9R,1000,1000,1089,-89,1,view,6a13f2cf0000000036032628,"completed"
http://xhslink.com/o/50949oabIGV,1000,2000,2354,-354,2,view,6a116a93000000003501cbe9,"completed"
http://xhslink.com/o/15c1QFtEFPQ,1000,1000,1243,-243,1,view,6a14fbe3000000003700e267,"completed"
http://xhslink.com/o/SC55JV5XAx,1000,1000,1134,-134,1,view,6a14e36d00000000360005e2,"completed"
http://xhslink.com/o/4wg39NxU712,1000,1000,1044,-44,1,view,6a12d6bb000000003502e902,"completed"
http://xhslink.com/o/3IoSiiVz7gC,2000,2000,2033,-33,1,view,6a05d401000000000702f429,"completed"
http://xhslink.com/o/2jp864Dx750,1000,1000,1301,-301,1,view,6a1513c20000000007021149,"completed"
http://xhslink.com/o/65oakhuZBeK,4000,2000,2100,-100,1,view,6a13cb8f0000000035025f7f,"completed"
http://xhslink.com/o/AiJNeV3whDX,1000,1000,1289,-289,1,view,6a151283000000003601e2cc,"completed"
http://xhslink.com/o/3ALGYZSbg3,1000,1000,1078,-78,1,view,6a12f611000000003803726b,"completed"
http://xhslink.com/o/1JPzYyMEEcc,1000,1000,1054,-54,1,view,6a10647a0000000036019426,"completed"
http://xhslink.com/o/26KiM6SeZIo,10000,10000,10787,-787,1,view,6a15136c000000003502e332,"completed"
http://xhslink.com/o/40C4nZjRHTO,1000,1000,1249,-249,1,view,6a14231f000000003502ea2e,"completed"
http://xhslink.com/o/2X9mzA8cPvL,2000,2000,2026,-26,1,view,6a119cbf000000003502debf,"completed"
http://xhslink.com/o/4ohsC39rcZj,2000,2000,2117,-117,1,view,6a1052570000000006021503,"completed"
http://xhslink.com/o/1hWA1wHAZQS,10000,10000,8521,1479,1,view,6a140df50000000008001966,"running"
http://xhslink.com/o/5L2tG2IL0QL,1000,1000,2245,-1245,1,view,6a14190400000000080258dc,"completed"
http://xhslink.com/o/2YBRxspyYzm,2000,2000,4398,-2398,1,view,6a15176e0000000007028917,"completed"
http://xhslink.com/o/KlTOTM0rMQ,3000,3000,3411,-411,1,view,6a1514360000000036018ef7,"completed"
http://xhslink.com/o/AcfxRWBFxas,1000,1000,1374,-374,1,view,6a131075000000003501e469,"completed"
http://xhslink.com/o/7QzqB3uUPi0,2000,2000,2396,-396,1,view,6a143d4a00000000350230a6,"completed"
http://xhslink.com/o/2UVfWDeZsxv,2000,2000,5572,-3572,1,view,6a13b850000000000603568b,"completed"
http://xhslink.com/o/6gZaSZAOsCD,2000,2000,3045,-1045,1,view,6a151a1b0000000007029548,"completed"
http://xhslink.com/o/7PRf79txF2T,1000,1000,1040,-40,1,view,6a13abc8000000000702d543,"completed"
http://xhslink.com/o/8VSQgKzTMi2,1000,1000,1727,-727,1,view,6a15178500000000080245b7,"completed"
http://xhslink.com/o/AOBd598C07P,1000,1000,1694,-694,1,view,6a0abf0c0000000008033bb5,"completed"
http://xhslink.com/o/8zjvg5OX3v,1000,1000,1179,-179,1,view,6a12e900000000000803e3a8,"completed"
http://xhslink.com/o/2h51dvXsxRP,2000,2000,2339,-339,1,view,6a13e0b70000000035033556,"completed"
http://xhslink.com/o/1YePpWtEQH4,1000,1000,1169,-169,1,view,6a12dcdd0000000006023d3d,"completed"
http://xhslink.com/o/12qu4EBDctb,1000,1000,1489,-489,1,view,6a151aae0000000006036e6b,"completed"
http://xhslink.com/o/8AiuilKR8Ut,3000,3000,4205,-1205,1,view,6a11695c000000003601c629,"completed"
http://xhslink.com/o/8ELE9tCgKK0,500,500,530,-30,1,view,6a0c32c700000000380217bf,"completed"
http://xhslink.com/o/741COYDTpSo,2000,2000,2886,-886,1,view,6a14076e0000000007025f30,"completed"
http://xhslink.com/o/9DmH0o6j7fG,2000,2000,2204,-204,1,view,6a0ee05600000000360198f2,"completed"
http://xhslink.com/o/5LfHc3gkaE9,2000,2000,2187,-187,1,view,6a1424870000000036019025,"completed"
http://xhslink.com/o/AifZjgVYfVB,500,500,831,-331,1,view,6a151582000000000803ed3b,"completed"
http://xhslink.com/o/5PVuGHHOH3d,1000,2000,2114,-114,2,view,6a0b10e300000000060305c7,"completed"
http://xhslink.com/o/4jm3MoUVSEH,1000,1000,1027,-27,1,view,69f7090e0000000038021941,"completed"
http://xhslink.com/o/127eHwFTr0p,1000,1000,1593,-593,1,view,6a14efa90000000008025ade,"completed"
http://xhslink.com/o/4cW7oXFkOmc,10000,10000,8255,1745,1,view,6a13f94f000000000701395a,"running"
http://xhslink.com/o/A3tTMoy535P,1000,1000,1103,-103,1,view,6a1277e100000000380209b1,"completed"
http://xhslink.com/o/6x2THdY5y7a,1000,1000,1315,-315,1,view,6a1516530000000036019a40,"completed"
http://xhslink.com/o/AU9mo3ZQHzb,1000,1000,1292,-292,1,view,6a147a5f0000000037036d16,"completed"
http://xhslink.com/o/AxGpGhzFQks,1000,1000,1031,-31,1,view,6a0a8b320000000035021b06,"completed"
http://xhslink.com/o/4RK5DZVmOYZ,2000,4000,4396,-396,2,view,6a0ea46b000000003503b1ce,"completed"
http://xhslink.com/o/1XrciChFd7i,4000,2000,2108,-108,1,view,6a13dd300000000036000096,"completed"
http://xhslink.com/o/8m5RaA8EtcR,2000,5000,6314,-1314,3,view,6a0ecc23000000003502f666,"completed"
http://xhslink.com/o/5sSJHgAnJjm,2000,4000,5056,-1056,2,view,6a105ff60000000036002812,"completed"
http://xhslink.com/o/1TwQaZMtY8O,2000,4000,4301,-301,2,view,6a0fd5ac000000003502072f,"completed"
http://xhslink.com/o/S8LL63ObqN,2000,2000,3217,-1217,1,view,6a0db4cd0000000036000136,"completed"
http://xhslink.com/o/1dQq2kBrnrb,2000,4000,4280,-280,2,view,6a0d7d02000000003502a358,"completed"
http://xhslink.com/o/7YlfNju1sAi,2000,2000,2059,-59,1,view,6a0c2e99000000003502d1e8,"completed"
http://xhslink.com/o/1CkzMDkwcYg,2000,2000,2072,-72,1,view,6a08460e0000000035038522,"completed"
http://xhslink.com/o/8KeWRr6sds3,2000,2000,2074,-74,1,view,6a0c295e0000000035021ce9,"completed"
http://xhslink.com/o/47D5St30YH,2000,2000,2555,-555,1,view,6a0abebb00000000350253f5,"completed"
http://xhslink.com/o/8V28gxSDhSW,2000,2000,2096,-96,1,view,6a084270000000003502b11d,"completed"
http://xhslink.com/o/AUntO4Arlgn,2000,2000,2231,-231,1,view,6a06f146000000003502267e,"completed"
http://xhslink.com/o/AHM53xkjHpg,2000,2000,2013,-13,1,view,69fef27700000000350384f4,"completed"
http://xhslink.com/o/8zRiLsZiCu9,2000,2000,2055,-55,1,view,69fee3df000000003503ae71,"completed"
http://xhslink.com/o/1D72iigVYWN,2000,2000,2032,-32,1,view,69fef5220000000035039592,"completed"
http://xhslink.com/o/8dKsEOEETz1,1000,1000,1179,-179,1,view,6a12b4bb0000000037034667,"completed"
http://xhslink.com/o/eFVDGxEx2t,1000,1000,1358,-358,2,view,6a13b8180000000006035569,"completed"
http://xhslink.com/o/59jUVWBgExE,500,1500,2394,-894,2,view,6a13b05a000000003701c36c,"completed"
http://xhslink.com/o/70e0VeKPz2K,1000,1000,1930,-930,1,view,6a150a880000000006033ad4,"completed"
http://xhslink.com/o/6QkhjKp28D4,1000,1000,1273,-273,1,view,6a06c73e0000000008033b46,"completed"
http://xhslink.com/o/4hmMPvBEKOJ,1000,1000,1285,-285,1,view,6a104f420000000007026a10,"completed"
http://xhslink.com/o/17srvma6oH3,2000,2000,2350,-350,1,view,6a0e958b0000000008030467,"completed"
http://xhslink.com/o/9ZvTaoPbmiq,1000,1000,4867,-3867,1,view,6a13ed5d000000003501d03c,"completed"
http://xhslink.com/o/4WS5hDUdwXO,1000,4000,5502,-1502,4,view,6a102cf1000000003503b3f0,"completed"
http://xhslink.com/o/A22g74xI3r2,2000,4000,4235,-235,2,view,6a0d2051000000000802612b,"completed"
http://xhslink.com/o/8R7bUpTPZc,1000,1000,2476,-1476,1,view,6a14fef4000000003700f0e1,"completed"
http://xhslink.com/o/6d2zn8Hn0pQ,1000,2000,3573,-1573,2,view,6a0fc9a00000000037036115,"completed"
http://xhslink.com/o/69SjT5dAdw6,1000,1000,1711,-711,1,view,6a14377b0000000035038aa2,"completed"
http://xhslink.com/o/7eNWhCIqTtS,2000,2000,2072,-72,1,view,6a0929a3000000003502d56a,"completed"
http://xhslink.com/o/191yDt1fdAr,5000,5000,5691,-691,1,view,6a14418c00000000350327b7,"completed"
http://xhslink.com/o/3T19lhgjmTL,2000,2000,4075,-2075,1,view,6a13e107000000003701fcd1,"completed"
http://xhslink.com/o/1Z8gJrn5QdX,1000,1000,1015,-15,1,view,69fef0aa00000000380360c6,"completed"
http://xhslink.com/o/AcRMsEmHQQn,500,1500,2690,-1190,2,view,6a0c39860000000036000375,"completed"
http://xhslink.com/o/5ZBuB0yxYfd,1000,4000,4393,-393,3,view,6a0ffbe8000000003502769f,"completed"
http://xhslink.com/o/72gLXj0nr5v,1000,2000,2186,-186,2,view,6a0ecfb20000000035026de0,"completed"
http://xhslink.com/o/iMtQOHmkoB,2000,2000,2268,-268,1,view,6a12d0c70000000036031eac,"completed"
http://xhslink.com/o/9HV0nvIDo9F,2000,2000,2122,-122,1,view,6a13ff010000000035031898,"completed"
http://xhslink.com/o/4yFIDzlxmBV,1500,1500,4544,-3044,1,view,6a1415dd000000000702d22b,"completed"
http://xhslink.com/o/ABadgmEkk8o,2000,2000,2340,-340,1,view,6a1510e5000000003803752e,"completed"
http://xhslink.com/o/4vSE848TYMO,1000,1000,1158,-158,1,view,6a13c1db00000000080317ae,"completed"
http://xhslink.com/o/2UaSw2N59pB,2000,2000,2060,-60,1,view,6a117774000000003601e1b0,"completed"
http://xhslink.com/o/422BtRk7GwZ,1500,1500,2200,-700,1,view,6a141831000000000702dfa2,"completed"
http://xhslink.com/o/914tbJwHZcu,2000,2000,2264,-264,1,view,6a140217000000003600083b,"completed"
http://xhslink.com/o/95CIzSAXjdx,3000,5000,5386,-386,2,view,6a09bd800000000037036a6f,"completed"
http://xhslink.com/o/ARu6dHomBeP,1000,3500,3798,-298,3,view,6a1271d10000000035033491,"completed"
http://xhslink.com/o/4iIYO3YXda1,1000,1000,1152,-152,1,view,6a13eeae000000003501d734,"completed"
http://xhslink.com/o/2qILOxzD5Dh,500,1500,1573,-73,2,view,6a11704d000000003503b770,"completed"
http://xhslink.com/o/AclL0tJ2Ry3,1000,3000,3855,-855,3,view,6a0ff1e700000000350328fc,"completed"
http://xhslink.com/o/N9bm2ZtC5K,1500,3000,3480,-480,2,view,6a13cb5a00000000070246a7,"completed"
http://xhslink.com/o/6tiQgXZeNwx,500,5000,6944,-1944,4,view,6a1025fd0000000007023c28,"completed"
http://xhslink.com/o/7bpO9PBbEW4,1500,1500,1888,-388,1,view,6a14092a000000003700f995,"completed"
http://xhslink.com/o/5w3GJ5SAlD,1000,1000,1311,-311,1,view,6a0f21050000000037036e35,"completed"
http://xhslink.com/o/68IXeUjoKKh,500,1500,1889,-389,2,view,6a13cb9c0000000036019e69,"completed"
http://xhslink.com/o/7ybtCp3Piij,1000,1000,2229,-1229,1,view,6a13ae8700000000070120a0,"completed"
http://xhslink.com/o/4y6Xi4XtiNr,3000,3000,3470,-470,1,view,6a1415160000000006020c4c,"completed"
http://xhslink.com/o/49ZqFxtEk2F,1000,1000,1025,-25,1,view,6a10100a000000003503b70c,"completed"
http://xhslink.com/o/AQElGu7HCcb,8000,8000,11005,-3005,1,view,6a150d6c000000003803618a,"completed"
http://xhslink.com/o/5Fv6gkoYAgk,4000,4000,4774,-774,1,view,6a151144000000000603412e,"completed"
http://xhslink.com/o/81hwnpSRqZm,2000,2000,2318,-318,1,view,6a14ec3a000000003802018f,"completed"
http://xhslink.com/o/29yPdg0YL0r,2000,2000,2271,-271,1,view,6a151688000000003501d909,"completed"
http://xhslink.com/o/6fb6nE6J3h6,10000,10000,8469,1531,1,view,6a12c0a2000000003601b7c9,"running"
http://xhslink.com/o/9Nx3BJ47NLE,2000,2000,3869,-1869,1,view,6a13be10000000003701ccfa,"completed"
http://xhslink.com/o/6y18KfSAA0U,2000,2000,2016,-16,1,view,6a0d1f650000000036033f99,"completed"
http://xhslink.com/o/89aPJsZkoP1,2000,2000,3076,-1076,1,view,6a0a84750000000037034a92,"completed"
http://xhslink.com/o/9WQUDN4je9g,3000,7000,7559,-559,3,view,6a0d1df90000000008001ee4,"completed"
http://xhslink.com/o/AnEc3HveW48,3000,7000,8856,-1856,3,view,6a0e811500000000080008d5,"completed"
http://xhslink.com/o/6wKxg6zdqvJ,1500,5500,6047,-547,3,view,6a116001000000000602350a,"completed"
http://xhslink.com/o/J6QAjftIJq,1500,4500,4666,-166,2,view,6a10326800000000060227c5,"completed"
http://xhslink.com/o/1Om1NIZQFfL,3000,5500,7145,-1645,2,view,6a14188b0000000006022057,"completed"
http://xhslink.com/o/2vPufsxkWOL,1000,2000,2212,-212,2,view,6a101f4b000000003501d46c,"completed"
http://xhslink.com/o/7QJsoyZC4UY,1000,1000,1264,-264,1,view,6a1411fb000000003502fd7f,"completed"
http://xhslink.com/o/6R06KaAqZaE,1000,1000,1056,-56,1,view,6a1034b60000000035022ab5,"completed"
http://xhslink.com/o/1GHqIEgRBR5,1000,1000,1149,-149,1,view,6a10309f0000000008033d2d,"completed"
http://xhslink.com/o/52SaajzTvpQ,1000,1000,1132,-132,1,view,6a1413ed000000003502b74d,"completed"
http://xhslink.com/o/8uPzR4ktKgf,10000,10000,8461,1539,1,view,6a129cb10000000007024f9f,"running"
http://xhslink.com/o/2DkYiWBTPOh,3000,3000,3532,-532,1,view,6a145e58000000003601c154,"completed"
http://xhslink.com/o/5CP7i7pafMu,1000,1000,2642,-1642,1,view,6a13ffd7000000003601ad0d,"completed"
http://xhslink.com/o/43LohXskSBE,1000,2000,2329,-329,2,view,6a0fd8680000000036031d4b,"completed"
http://xhslink.com/o/1mCR8uaErcf,1000,3000,6482,-3482,3,view,6a0d6ac2000000003802098d,"completed"
http://xhslink.com/o/1VltoLAgtz2,1000,3000,6770,-3770,3,view,6a0dd98c00000000380223c0,"completed"
http://xhslink.com/o/8OHfhYSE9x2,1000,3000,4540,-1540,3,view,6a0d51dd0000000007029728,"completed"
http://xhslink.com/o/9KVfCcmrtyA,8000,8000,8302,-302,1,view,6a144bcc0000000036000296,"completed"
http://xhslink.com/o/508v4osRSWE,1000,1000,1196,-196,1,view,6a151091000000000803d4cf,"completed"
http://xhslink.com/o/3ljVHdjkuzy,1000,1000,1093,-93,1,view,6a0a98910000000035029103,"completed"
http://xhslink.com/o/2gHKqdu62Ce,3000,3000,4039,-1039,1,view,6a14353a000000003501faae,"completed"
http://xhslink.com/o/3fGDhlIUxlZ,4000,5000,5459,-459,2,view,6a0ec95000000000350244e7,"completed"
http://xhslink.com/o/4pxNmrhykUC,2000,2000,2255,-255,1,view,6a14ddcc00000000380224ad,"completed"
http://xhslink.com/o/5T5SuWIxm1p,2000,5000,5806,-806,2,view,6a14329b000000000802613b,"completed"
http://xhslink.com/o/8RyqqZoBpP9,5000,5000,5719,-719,1,view,6a12e689000000003502613f,"completed"
http://xhslink.com/o/4znEQahfntG,1000,1000,1361,-361,1,view,6a1516760000000006035aeb,"completed"
http://xhslink.com/o/Ot9BWppeby,1000,1000,2205,-1205,1,view,6a1452af0000000035026127,"completed"
http://xhslink.com/o/99vtaHsAlz1,1000,1000,1881,-881,1,view,6a151d950000000038022e3a,"completed"
http://xhslink.com/o/5BHHxcomgvk,1000,1000,1260,-260,1,view,6a150df70000000036032f6d,"completed"
http://xhslink.com/o/AuAO0wgg99L,2000,2000,2392,-392,1,view,6a151d7e000000003502bfc5,"completed"
http://xhslink.com/o/5C0DpZNJBxY,3000,3000,4479,-1479,1,view,6a1510390000000007023fda,"completed"
http://xhslink.com/o/1K7kVxg2zNJ,1000,1000,1620,-620,1,view,6a151fd00000000035020e7e,"completed"
http://xhslink.com/o/A1a30lCyZpH,4000,4000,4624,-624,1,view,6a140e39000000000702355b,"completed"
http://xhslink.com/o/1JlJH0iBPcL,4000,4000,4324,-324,1,view,6a145c6c0000000007010b69,"completed"
http://xhslink.com/o/1lYWm3sxV8n,500,500,545,-45,1,view,6a10c2b0000000003700d79a,"completed"
http://xhslink.com/o/38a2XvAGX45,500,500,620,-120,1,view,6a117f08000000003701ea18,"completed"
http://xhslink.com/o/1zuQQWav7q1,5000,5000,12363,-7363,1,view,6a143231000000003502c110,"completed"
http://xhslink.com/o/69MeXsANmNa,2000,5000,5518,-518,2,view,6a14115c000000003503a5ae,"completed"
http://xhslink.com/o/79aPVoi2t9B,1000,1000,1205,-205,1,view,6a1504ae000000003501f91a,"completed"
http://xhslink.com/o/9jAAPnjUq9S,1000,1000,1128,-128,1,view,6a13fbd800000000350306e6,"completed"
http://xhslink.com/o/8ywJ0ipO3a,3000,3000,3031,-31,1,view,6a015c5e00000000080257b6,"completed"
http://xhslink.com/o/9SxpfPr78qj,6000,6000,6573,-573,1,view,69ff5038000000002301f591,"completed"
http://xhslink.com/o/8Tc3tOQCVwv,2000,2000,2527,-527,1,view,6a0c3d03000000000602335f,"completed"
http://xhslink.com/o/23RRtgyjAQl,10000,10000,8147,1853,1,view,6a1416d20000000008000b9b,"running"
http://xhslink.com/o/9sggDOIfYs0,1000,2000,2305,-305,2,view,6a13f951000000003502ec09,"completed"
http://xhslink.com/o/6CYO2eepa9g,1000,2000,2101,-101,2,view,6a102b78000000003502c282,"completed"
http://xhslink.com/o/6qIh0HK3IM8,1000,1000,1226,-226,1,view,6a141a12000000003501d9ab,"completed"
http://xhslink.com/o/AfqqyiLp7U9,2000,2000,3602,-1602,1,view,6a0d8d2200000000350247a9,"completed"
http://xhslink.com/o/1NH9QtbUyRc,1000,1000,1051,-51,1,view,6a13b6dd0000000006034fe4,"completed"
http://xhslink.com/o/5lpGgdx4mb6,500,500,557,-57,1,view,6a07fd700000000037035765,"completed"
http://xhslink.com/o/AxGFnHME6We,500,500,757,-257,1,view,6a13a2990000000038023d62,"completed"
http://xhslink.com/o/1O9PBtv01w2,1000,1000,1536,-536,1,view,6a1410f90000000035025603,"completed"
http://xhslink.com/o/2FCuLMU2K4e,2000,2000,2965,-965,1,view,6a101b6000000000350204ad,"completed"
http://xhslink.com/o/8TS1ZCLS3q4,1000,1000,1129,-129,1,view,6a0d4aae00000000380365fb,"completed"
http://xhslink.com/o/2yGDJ3XqBGo,1000,1000,1148,-148,1,view,6a15124f000000003700d8e9,"completed"
http://xhslink.com/o/1VbPOfJSlY7,1000,1000,1190,-190,1,view,6a0fc531000000003601acb4,"completed"
http://xhslink.com/o/36cO869DN1s,1000,1000,2729,-1729,1,view,6a116660000000000803c3a4,"completed"
http://xhslink.com/o/9gbu4EPeScz,8000,2000,2248,-248,1,view,6a0c52f1000000003603372f,"completed"
http://xhslink.com/o/9lQVn94E2fm,2000,10000,11907,-1907,5,view,6a0eaf0b00000000070124bf,"completed"
http://xhslink.com/o/8Z0zv0jXKtj,2000,6000,8305,-2305,3,view,6a0d99c9000000000803052d,"completed"
http://xhslink.com/o/6kaaTmZq2zj,1000,1000,1361,-361,1,view,6a14471a0000000007011a2b,"completed"
http://xhslink.com/o/RjSgpLP8D,1000,1000,1277,-277,1,view,6a14035100000000080260ec,"completed"
http://xhslink.com/o/8lzGNbNthNT,1000,4000,5252,-1252,3,view,6a114a860000000006033210,"completed"
http://xhslink.com/o/47YeHQhNwgm,2000,2000,2102,-102,1,view,6a12b601000000000702045c,"completed"
http://xhslink.com/o/1CXOeV1tCcw,1000,1000,1305,-305,1,view,6a14561f00000000350322f0,"completed"
http://xhslink.com/o/5sw2d29Bwq9,1000,1000,1110,-110,1,view,6a1453d2000000003503b501,"completed"
http://xhslink.com/o/1Omy2qhLVmf,500,500,1311,-811,1,view,6a14f773000000003502d59e,"completed"
http://xhslink.com/o/2ln2NCPw7mr,500,500,1391,-891,1,view,6a14fe720000000035033e8d,"completed"
http://xhslink.com/o/j8MRQxDyzs,500,500,593,-93,1,view,69e9939100000000230204e8,"completed"
http://xhslink.com/o/3XVJHzUVG8t,500,500,685,-185,1,view,69f1ce65000000003502e5ea,"completed"
http://xhslink.com/o/7Q394JRxkpC,500,500,563,-63,1,view,69f0a6bb000000003502cfc7,"completed"
http://xhslink.com/o/3JSHwjHXFNe,500,500,509,-9,1,view,6a145aaf000000003501d92a,"completed"
http://xhslink.com/o/4yP7h0JOsm4,500,500,540,-40,1,view,6a01c23b00000000350277dc,"completed"
http://xhslink.com/o/3Hyl9h43ns9,500,500,512,-12,1,view,6a118a6e0000000035025002,"completed"
http://xhslink.com/o/5IsrEqGqqg5,500,500,557,-57,1,view,6a130794000000003502ca30,"completed"
http://xhslink.com/o/9sXLyEbLD9a,500,500,545,-45,1,view,6a0d8ea80000000038023219,"completed"
http://xhslink.com/o/8yDU7fvIZ2O,500,500,824,-324,1,view,6a151e770000000008030d40,"completed"
http://xhslink.com/o/4o1gZnc023E,500,500,650,-150,1,view,6a0bf0b7000000003503349a,"completed"
http://xhslink.com/o/1TKe95NK3pH,500,500,772,-272,1,view,6a146cfe00000000350238f7,"completed"
http://xhslink.com/o/3I1udt0NAF4,500,500,675,-175,1,view,6a1176eb000000003502284e,"completed"
http://xhslink.com/o/3oL3As1OVHj,500,500,1210,-710,1,view,6a1400e70000000007029469,"completed"
http://xhslink.com/o/325tSfd5USL,500,500,700,-200,1,view,6a12cb3100000000350293eb,"completed"
http://xhslink.com/o/72zof7Kfl8O,500,500,1234,-734,1,view,6a1518cb000000003502a830,"completed"
http://xhslink.com/o/7j8MLG9megB,500,500,1143,-643,1,view,6a126064000000003502399f,"completed"
http://xhslink.com/o/4QvjbCdGLNu,500,500,1111,-611,1,view,6a0fe0b10000000036003733,"completed"
http://xhslink.com/o/6x6cKLSCmSm,500,500,1071,-571,1,view,6a1002d80000000035025df3,"completed"
http://xhslink.com/o/1xmf2I4dzhi,500,500,625,-125,1,view,6a141d100000000035023238,"completed"
http://xhslink.com/o/5VRgeNlhWTc,500,500,1152,-652,1,view,6a12aa8a000000003601d19b,"completed"
http://xhslink.com/o/3j8Iwv2SxsM,500,500,1595,-1095,1,view,6a1460d60000000035031eec,"completed"
http://xhslink.com/o/9pN0um1J0N1,500,500,571,-71,1,view,6a141eb2000000000702ba2b,"completed"
http://xhslink.com/o/8Hdfd2YeIiN,500,500,1303,-803,1,view,6a1170580000000007028e1e,"completed"
http://xhslink.com/o/9P6bqEdjjyK,500,500,1603,-1103,1,view,6a1513c80000000035028e0a,"completed"
http://xhslink.com/o/3v0PO0HgzGQ,500,500,1074,-574,1,view,6a129ca9000000003502802f,"completed"
http://xhslink.com/o/2mbtWdNKgeZ,500,1500,1876,-376,2,view,6a13ba810000000008000ac7,"completed"
http://xhslink.com/o/2C4eYnKCUqs,500,500,1097,-597,1,view,6a0eeae5000000003502f34f,"completed"
http://xhslink.com/o/4c4aDoqfNZR,500,500,1350,-850,1,view,6a143e730000000036032b3e,"completed"
http://xhslink.com/o/9DHdUFFu57P,500,500,803,-303,1,view,6a09a5b2000000003503bebd,"completed"
http://xhslink.com/o/AMWIZUavvFO,500,500,512,-12,1,view,6a0c46680000000038036266,"completed"
http://xhslink.com/o/AxowmxMXr43,500,500,536,-36,1,view,69df7d39000000002301e5db,"completed"
http://xhslink.com/o/3gBynDQtktK,500,500,1243,-743,1,view,6a10011500000000370345fa,"completed"
http://xhslink.com/o/7FY5s09OSb8,500,500,712,-212,1,view,6a13d764000000000702db4f,"completed"
http://xhslink.com/o/8FOvjKuoXMR,500,500,1212,-712,1,view,6a0d80bb000000003802162f,"completed"
http://xhslink.com/o/3ItF2X7YZBf,500,500,1260,-760,1,view,6a0ec8ee000000003601828d,"completed"
http://xhslink.com/o/8Kj1mo6HiRe,500,500,760,-260,1,view,6a117ce6000000000803c772,"completed"
http://xhslink.com/o/5NPdMu1q2Hc,600,600,1656,-1056,1,view,6a1118eb000000000702d1fe,"completed"
http://xhslink.com/o/7vGCvRAgfbT,600,600,1244,-644,1,view,6a1000730000000008032a70,"completed"
http://xhslink.com/o/3T20SNCWYHX,600,600,1137,-537,1,view,6a13c2510000000007025bf0,"completed"
http://xhslink.com/o/1aCZnlHt8t0,600,600,1184,-584,1,view,6a140019000000003701e38d,"completed"
http://xhslink.com/o/4l7wWKLJJD8,2000,2000,2011,-11,1,view,69e1e536000000001a0204be,"completed"
http://xhslink.com/o/6MmQVxhWgxU,2000,2000,2015,-15,1,view,69e06c0b000000001a02ab82,"completed"
http://xhslink.com/o/62TpV8JJLw0,2000,2000,2016,-16,1,view,69e06ded000000001a027cfb,"completed"
http://xhslink.com/o/7Uln4fUTMGz,1000,1000,1184,-184,1,view,6a13d2dc000000003701f841,"completed"
http://xhslink.com/o/2WzZIxtzOQW,1000,1000,1226,-226,1,view,6a1403e60000000006022e93,"completed"
http://xhslink.com/o/tsKdd6hTll,1000,1000,3207,-2207,1,view,6a15012b00000000080303b4,"completed"
http://xhslink.com/o/6LlKjKoRxxN,1000,1000,1286,-286,1,view,6a15121000000000350278bf,"completed"
http://xhslink.com/o/SiUAl4GsEG,1000,1000,1236,-236,1,view,6a14311e0000000036002405,"completed"
http://xhslink.com/o/12LCCTcFYze,1000,2000,2970,-970,2,view,6a1424ea0000000008001b11,"completed"
http://xhslink.com/o/2h838tCn7fP,1000,1000,1433,-433,1,view,6a1511c5000000003700d605,"completed"
http://xhslink.com/o/396BlBpeSrB,300,700,755,-55,2,view,6a0c2c20000000003701f592,"completed"
http://xhslink.com/o/1QDTv2F5wcO,300,700,789,-89,2,view,6a0e733900000000380215d0,"completed"
http://xhslink.com/o/4xD5u1pIOcY,300,700,745,-45,2,view,6a0a8412000000003700fb1a,"completed"
http://xhslink.com/o/5R6EbEPKgdn,400,400,695,-295,1,view,6a145763000000003701f0f5,"completed"
http://xhslink.com/o/7vMt3LES6M2,300,700,545,155,2,view,6a117871000000003701ff05,"completed,running"
http://xhslink.com/o/5YQN8DDWhn8,500,500,562,-62,1,view,69ef2010000000003601becd,"completed"
http://xhslink.com/o/4tPFTN58Tbg,500,500,540,-40,1,view,69b7fc9c000000002103bb08,"completed"
http://xhslink.com/o/3By7C9SjnaK,500,500,566,-66,1,view,69b2b96200000000150220f2,"completed"
http://xhslink.com/o/2c6BUjebeMT,500,500,549,-49,1,view,69b2b710000000001600ad41,"completed"
http://xhslink.com/o/1QFm5W0Bx7n,500,500,539,-39,1,view,69b2b3bc00000000150200a9,"completed"
http://xhslink.com/o/3Jnq2pgsA2P,500,500,550,-50,1,view,69b1958f000000001b01629e,"completed"
http://xhslink.com/o/4jLB5ZyGVDJ,500,500,613,-113,1,view,69b191f0000000001503a932,"completed"
http://xhslink.com/o/A2KSyEgPnbT,500,500,553,-53,1,view,69b19b0e000000001502377f,"completed"
http://xhslink.com/o/6KzbME5Lyn7,500,500,541,-41,1,view,69eb4d86000000002003973b,"completed"
http://xhslink.com/o/8TtXc5c9euI,500,500,553,-53,1,view,69ec0c1900000000220294ba,"completed"
http://xhslink.com/o/1ykKTJ4ZBz1,500,500,544,-44,1,view,69ed6d780000000023004651,"completed"
http://xhslink.com/o/8eWV12lewtI,500,500,570,-70,1,view,69f09c78000000001f0007ee,"completed"
http://xhslink.com/o/6OCvP5HXne5,500,500,601,-101,1,view,6a128e7a00000000080018c0,"completed"
http://xhslink.com/o/21egOhIss7s,500,500,549,-49,1,view,69f087930000000023014f57,"completed"
http://xhslink.com/o/7etev9ergNB,500,500,1402,-902,1,view,6a150709000000000702131e,"completed"
http://xhslink.com/o/6UBgPwvOaC1,500,500,566,-66,1,view,6a1264600000000006030344,"completed"
http://xhslink.com/o/2P09377UJfR,500,500,571,-71,1,view,69f4c7440000000023014a75,"completed"
http://xhslink.com/o/8aGJCBwyDmU,500,500,616,-116,1,view,69f30f23000000001f00096e,"completed"
http://xhslink.com/o/4DIv5ZnXpf4,500,500,575,-75,1,view,69f1b9d3000000001f007bc7,"completed"
http://xhslink.com/o/1bYtivd6Cob,500,500,584,-84,1,view,69f1d021000000001f0079d3,"completed"
http://xhslink.com/o/6eVI0tmoK29,500,500,558,-58,1,view,69e6eac00000000022028476,"completed"
http://xhslink.com/o/ApDv7EUQUg0,500,500,562,-62,1,view,69ec3b4e000000002301666b,"completed"
http://xhslink.com/o/7K5zbGXVAvC,500,500,597,-97,1,view,69eefa1c0000000023005c28,"completed"
http://xhslink.com/o/A0hsUsFeJWx,500,500,633,-133,1,view,69ec44390000000038021cf8,"completed"
http://xhslink.com/o/B3q56kfO9E,500,500,555,-55,1,view,69f1d167000000003700d9c3,"completed"
http://xhslink.com/o/865h0n2BIoV,500,500,555,-55,1,view,69f1f8e6000000003601d54e,"completed"
http://xhslink.com/o/6iHC8nElfPm,500,500,572,-72,1,view,69f61521000000003601f5db,"completed"
http://xhslink.com/o/3KywtygzsEp,500,500,565,-65,1,view,6a1268b400000000380342bc,"completed"
http://xhslink.com/o/7j5XFBIuK0N,500,500,556,-56,1,view,69f30b0a000000003601e093,"completed"
http://xhslink.com/o/VGxRMJ0JxS,500,500,1351,-851,1,view,6a15014f000000003700fcd5,"completed"
http://xhslink.com/o/98eAujN39MP,500,500,521,-21,1,view,69e71d47000000001d018f0e,"completed"
http://xhslink.com/o/8ztYsGyGeUE,500,500,523,-23,1,view,69e99645000000002200ff54,"completed"
http://xhslink.com/o/1HYFevyXlvy,500,500,741,-241,1,view,69ec77090000000035030a06,"completed"
http://xhslink.com/o/1TKgVheMlKS,500,500,1320,-820,1,view,69f55582000000003501c908,"completed"
http://xhslink.com/o/jJxcKDB2vl,500,500,1364,-864,1,view,69fc015500000000360016ac,"completed"
http://xhslink.com/o/QbQ9xwmEg4,500,500,1347,-847,1,view,6a015a74000000003502c889,"completed"
http://xhslink.com/o/3RKCd5vSVPS,500,500,1342,-842,1,view,6a1303f80000000035025186,"completed"
http://xhslink.com/o/4lJoQ77d1h6,500,500,537,-37,1,view,69e8c75c000000001d01eedf,"completed"
http://xhslink.com/o/61GcPJhMZde,500,500,647,-147,1,view,69e7424b000000002302160b,"completed"
http://xhslink.com/o/1H2L4cXxy8P,500,500,566,-66,1,view,69e5e0f70000000023011bfb,"completed"
http://xhslink.com/o/9JSyx0rpfDh,500,500,518,-18,1,view,69e1b2cd000000001d01ddf4,"completed"
http://xhslink.com/o/7jgP03TKxhj,500,500,530,-30,1,view,69e21f31000000001d01947d,"completed"
http://xhslink.com/o/6c20U0WArOG,500,500,528,-28,1,view,69e1ec62000000001d0193b9,"completed"
http://xhslink.com/o/6dsmyoezoY4,500,500,511,-11,1,view,69e057ee000000002200d92f,"completed"
http://xhslink.com/o/9tRQrFfJy7J,500,500,835,-335,1,view,69dc44160000000023022550,"completed"
http://xhslink.com/o/2cw9WjDPU5n,500,500,524,-24,1,view,69e075d2000000001d01d839,"completed"
http://xhslink.com/o/4q4JRYOaIF0,500,500,518,-18,1,view,69e4596c000000001d018d19,"completed"
http://xhslink.com/o/3SRXqYpZN03,500,500,509,-9,1,view,69e21d6e000000001d01cea0,"completed"
http://xhslink.com/o/7ePxPEQOmsC,500,500,508,-8,1,view,69e055bc0000000023012b93,"completed"
http://xhslink.com/o/AaWXqpmiFoh,500,500,548,-48,1,view,69e0b3690000000021007fd8,"completed"
http://xhslink.com/o/3m2KiNYyUzc,500,500,545,-45,1,view,69df1388000000001d0197d5,"completed"
http://xhslink.com/o/4b9X1VMIpzL,500,500,507,-7,1,view,69e083770000000021013afc,"completed"
http://xhslink.com/o/6Dj3Vhfq2M6,500,500,601,-101,1,view,69e22597000000001a0243a5,"completed"
http://xhslink.com/o/AbwgzviusMz,500,500,510,-10,1,view,69e073fa000000001a023af9,"completed"
http://xhslink.com/o/2C5MHy4QnhH,500,500,507,-7,1,view,69e2f7b10000000021013df3,"completed"
http://xhslink.com/o/AQo5n33lqLa,500,500,560,-60,1,view,69e0a955000000001a030156,"completed"
http://xhslink.com/o/8j52LKBbY37,500,500,522,-22,1,view,69e0c354000000001a027963,"completed"
http://xhslink.com/o/99dsZrxMH63,500,500,516,-16,1,view,69df8788000000002200261e,"completed"
http://xhslink.com/o/AkMHXZTLl7y,500,500,524,-24,1,view,69df33c5000000001a032161,"completed"
http://xhslink.com/o/9miuP6JCB30,500,500,523,-23,1,view,69de0d0600000000210105be,"completed"
http://xhslink.com/o/7pxAL9hn0NP,1000,1000,1209,-209,1,view,6a1437f0000000000702bd5f,"completed"
http://xhslink.com/o/714SJ4xdDSb,6000,6000,6169,-169,1,view,6a0c48e0000000000702a57e,"completed"
http://xhslink.com/o/5JX1NCykSHR,1000,1000,1095,-95,1,view,6a13c76e0000000037035e94,"completed"
http://xhslink.com/o/5oZRsFNIGHu,500,500,943,-443,1,view,6a13183b00000000350240b6,"completed"
http://xhslink.com/o/3Za21UUqFmd,5000,5000,5655,-655,1,view,6a1535aa000000003502c8fa,"completed"
http://xhslink.com/o/RNKUEnRpbx,500,500,612,-112,1,view,6a0c0145000000003601e4ba,"completed"
http://xhslink.com/o/n67j0pEWLj,500,500,528,-28,1,view,6a12ae7b0000000008032678,"completed"
http://xhslink.com/o/23P0TNhiqHD,500,500,575,-75,1,view,6a1429140000000038021949,"completed"
http://xhslink.com/o/3s9vw8E0Xc0,500,500,776,-276,1,view,6a13fc68000000000701091b,"completed"
http://xhslink.com/o/7D3Q8DHLxMT,500,500,556,-56,1,view,6a07305a00000000070241d4,"completed"
http://xhslink.com/o/2Gems2BInc1,500,500,522,-22,1,view,6a0c2d8b000000000603629a,"completed"
http://xhslink.com/o/21tVnHPAGF3,500,500,778,-278,1,view,6a13d0780000000007013fb7,"completed"
http://xhslink.com/o/8rjnBzaAc9W,500,500,561,-61,1,view,69f9f699000000001a02daca,"completed"
http://xhslink.com/o/8x6LzmckMA7,1000,1000,1428,-428,1,view,6a14fb620000000037035eb4,"completed"
http://xhslink.com/o/8xdD3A2qkOG,1000,1000,1491,-491,1,view,6a1537d8000000003803738a,"completed"
http://xhslink.com/o/4bMMUNPj034,1000,2000,2843,-843,2,view,6a13c38a000000000800367f,"completed"
http://xhslink.com/o/87ggXTt65Dg,3000,3000,3318,-318,1,view,6a151ab9000000003502ca12,"completed"
http://xhslink.com/o/2XXz8RCMO6I,1000,1000,1041,-41,1,view,6a0bd6520000000008025a2e,"completed"
http://xhslink.com/o/3ONaKON0dC6,10000,10000,8638,1362,1,view,6a0a834b000000000702ba2f,"running"
http://xhslink.com/o/AaYVUjwPyTs,1000,1000,1367,-367,1,view,6a14f7bb0000000035032189,"completed"
http://xhslink.com/o/3fiuITBYg5d,1000,1000,1125,-125,1,view,6a13e739000000000702e017,"completed"
http://xhslink.com/o/59c0FpjPEKO,1000,1000,1088,-88,1,view,6a0c129b000000003501cc7d,"completed"
http://xhslink.com/o/f8iMxE4TzS,1000,1000,1113,-113,1,view,6a14706700000000350206ac,"completed"
http://xhslink.com/m/7Ls5ItqffZZ,1000,1000,899,101,1,view,6a13c2560000000035031e6d,"running"
http://xhslink.com/o/51yrNDpFPU1,1000,1000,1112,-112,1,view,6a14194e000000003701fffe,"completed"
http://xhslink.com/o/35wnn6zZcdI,1000,1000,1079,-79,1,view,6a0f02410000000036032733,"completed"
http://xhslink.com/o/8fYBTpzIqwr,1000,1000,2091,-1091,1,view,6a1522410000000007010147,"completed"
http://xhslink.com/o/2VsqeVHDjdg,2700,2000,2374,-374,1,view,6a150e9600000000060373b6,"completed"
http://xhslink.com/o/3oZXocdktC8,1600,1100,1200,-100,1,view,6a0d9103000000000803e243,"completed"
http://xhslink.com/o/C8E9D0d1jt,1200,800,941,-141,1,view,69fec1400000000020038f8e,"completed"
http://xhslink.com/o/78pW8Qvaxi4,1300,700,819,-119,1,view,6a0ac6b200000000060349b7,"completed"
http://xhslink.com/o/3weGkpuTfcB,2200,1500,1607,-107,1,view,6a0695510000000007024d6e,"completed"
http://xhslink.com/o/1UlaSeVKfAE,1800,1100,1214,-114,1,view,6a0d92cf0000000006035004,"completed"
http://xhslink.com/o/AjDFULXa3su,1100,800,815,-15,1,view,6a01e54b000000000702ee00,"completed"
http://xhslink.com/o/1ZA11jLUvAo,1100,600,670,-70,1,view,6a0464c9000000000803ed30,"completed"
http://xhslink.com/o/1gGmbfPG6AH,900,500,600,-100,1,view,6a0d91da00000000360195c4,"completed"
http://xhslink.com/o/1BKf8wXv4wK,2000,1100,1220,-120,1,view,6a14217b000000003502e082,"completed"
http://xhslink.com/o/7wwR8zJQFs1,1000,700,799,-99,1,view,6a0d51600000000035029c3f,"completed"
http://xhslink.com/o/9C61UHgkpL3,400,400,491,-91,1,view,6a068d820000000038037e7e,"completed"
http://xhslink.com/o/9jZixjoeuU5,1000,1000,1654,-654,1,view,6a1520a900000000060347a4,"completed"
http://xhslink.com/o/7BCpQ2cfOEV,1000,1000,1085,-85,1,view,6a13e3c6000000003601f030,"completed"
http://xhslink.com/o/7lqCoUgeqAV,2000,2000,2357,-357,1,view,6a13eea20000000035029bda,"completed"
http://xhslink.com/o/4wjMx4ijNYa,2000,2000,2188,-188,1,view,6a11a62d000000003600064d,"completed"
http://xhslink.com/o/4IWm6tQ7QVZ,1000,1000,1206,-206,1,view,6a14ebbe00000000360018de,"completed"
http://xhslink.com/o/6yTkc2yhucb,500,1000,2212,-1212,2,view,6a11c0770000000007028ecb,"completed"
http://xhslink.com/o/1ASa7NEbP8o,10000,10000,8255,1745,1,view,6a0ab6930000000006031d6c,"running"
http://xhslink.com/o/3q1bcYXmceP,5000,5000,5143,-143,1,view,6a0adf5c0000000007026d78,"completed"
http://xhslink.com/o/XOJo8WV1Uy,5000,5000,5018,-18,1,view,6a0c099c0000000007028e03,"completed"
http://xhslink.com/o/7A74Y74ExT,1000,1000,1144,-144,1,view,6a1428a2000000000702ae97,"completed"
http://xhslink.com/o/gtC8NcJajM,2000,2000,2961,-961,1,view,6a143a600000000038023cda,"completed"
http://xhslink.com/o/1W2KnrLi9RO,1000,1000,1393,-393,1,view,6a150c1f00000000070291de,"completed"
http://xhslink.com/o/7g0kdlowkNg,1000,1000,1146,-146,1,view,6a1402ec0000000008025ed5,"completed"
http://xhslink.com/o/318gosYG9Nf,2000,2000,2060,-60,1,view,6a130c4b000000000702ff42,"completed"
http://xhslink.com/o/7haXILe6oC3,2000,2000,2107,-107,1,view,6a143c880000000008025563,"completed"
http://xhslink.com/o/87BxQNIXBMr,1000,1000,1144,-144,1,view,6a13c4b70000000036033e72,"completed"
http://xhslink.com/o/1IhRNoRM3C1,2000,2000,2128,-128,1,view,6a06d0000000000006034a44,"completed"
http://xhslink.com/o/3ifuuRL6MAI,2000,2000,2197,-197,1,view,69f304e200000000350254e7,"completed"
http://xhslink.com/o/5kRCUzGKJAg,2000,3000,3180,-180,2,view,6a116dc0000000000603556f,"completed"
http://xhslink.com/o/6H6eRnYycvc,2000,3000,3185,-185,2,view,6a105d32000000000702763f,"completed"
http://xhslink.com/o/64yoTFs4imO,2000,3000,3242,-242,2,view,6a104c8700000000080032b2,"completed"
http://xhslink.com/o/6aGLsmFaf9o,2000,4000,4287,-287,2,view,6a0d65f20000000007010b67,"completed"
http://xhslink.com/o/3YJ864cJ3w6,2000,2000,2104,-104,1,view,6a0ebf6a000000000702c283,"completed"
http://xhslink.com/o/8DMiYfkODhZ,2000,2000,2110,-110,1,view,6a042cf30000000008000cbc,"completed"
http://xhslink.com/o/5EdksFSMPbU,8000,18000,22930,-4930,2,view,6a0ead6d0000000035022e03,"completed,running"
http://xhslink.com/o/UPjLcn2wrt,3000,3000,3172,-172,1,view,6a13e5d20000000008024f1d,"completed"
http://xhslink.com/o/2X0GSgyiec7,1000,1000,1019,-19,1,view,6a13a929000000003501f87e,"completed"
http://xhslink.com/o/Sb2oKkjLIz,3000,3000,3403,-403,1,view,6a153c64000000003601f0c1,"completed"
http://xhslink.com/o/4wv5lp68eH8,2000,2000,2336,-336,1,view,6a13b5e1000000003601c556,"completed"
http://xhslink.com/o/7jDK927NZ5z,1000,1000,1158,-158,1,view,6a13df4e000000003601da5e,"completed"
http://xhslink.com/o/A9uO4MBs75t,20000,40000,30844,9156,2,view,6a0d8a0200000000060304c8,"completed,running"
http://xhslink.com/o/8fsZesRGn9N,2000,2000,2042,-42,1,view,6a0d6b2d0000000008033da0,"completed"
http://xhslink.com/o/7G3sF0NSMJy,2000,2000,2027,-27,1,view,6a1032ec0000000006037b0f,"completed"
http://xhslink.com/o/8IfHZ0ohYbC,6000,6000,6702,-702,1,view,6a1536a8000000003502b607,"completed"
http://xhslink.com/o/2kWUgiVTvSn,1000,1000,1284,-284,1,view,6a153ec5000000003501db89,"completed"
http://xhslink.com/o/UxPQO7v5Px,1000,1000,1035,-35,1,view,69e7aa93000000001b003b4d,"completed"
http://xhslink.com/o/1Aon6F1myiJ,2000,2000,2076,-76,1,view,6a13a718000000003701d86a,"completed"
http://xhslink.com/o/AsxZL6RMKya,2000,2000,2061,-61,1,view,6a0c7ac9000000003502b3af,"completed"
http://xhslink.com/o/7e5zb5TxDUz,1000,1000,1293,-293,1,view,6a15375d0000000008024e19,"completed"
http://xhslink.com/o/9sr1un9jnk2,1000,3000,3321,-321,2,view,69e89ba1000000001d01b37f,"completed"
http://xhslink.com/o/1DR7vi39WyZ,5000,5000,5417,-417,1,view,6a13f89f0000000035033489,"completed"
http://xhslink.com/o/AK2TOBqXRZY,1000,1000,1343,-343,1,view,6a15468c000000000803c99a,"completed"
http://xhslink.com/o/2uUbvIvBVd7,2000,2000,2309,-309,1,view,6a151457000000003600122c,"completed"
http://xhslink.com/o/pVs3SfgrMI,2000,2000,2345,-345,1,view,6a0d567f0000000035023eeb,"completed"
http://xhslink.com/o/23whXFhg879,4000,4000,4144,-144,1,view,6a0c6d3b00000000360312fa,"completed"
http://xhslink.com/o/wbXIa2au1L,2000,2000,2039,-39,1,view,6a01d425000000003803726a,"completed"
http://xhslink.com/o/8Y2FTr5FWvj,1000,1000,1119,-119,1,view,6a13ce2200000000070252b9,"completed"
http://xhslink.com/o/965P535p9mW,1000,2000,2132,-132,2,view,6a0ecb5d0000000007013e91,"completed"
http://xhslink.com/o/9udQpbr0AP9,1000,2000,2061,-61,2,view,6a0ecccc0000000007021b55,"completed"
http://xhslink.com/o/2b5Q0SGG2qb,1000,2000,2210,-210,2,view,6a116eff0000000007026ed8,"completed"
http://xhslink.com/o/8Qaby0FVEzd,1000,2000,2247,-247,2,view,6a124bbd0000000008026b0d,"completed"
http://xhslink.com/o/6rh7TGtbg5J,1000,1000,1030,-30,1,view,6a115274000000000800264d,"completed"
http://xhslink.com/o/3dSuvycfxZx,1000,2000,2047,-47,2,view,6a0aabfb0000000007013fdb,"completed"
http://xhslink.com/o/5cgKOAzRqsR,2000,2000,2130,-130,1,view,6a14f9190000000008003c73,"completed"
http://xhslink.com/o/8T4VmbD7VS1,5000,5000,6890,-1890,1,view,6a153ee7000000000702c090,"completed"
http://xhslink.com/o/7ec7SOUmMSC,6000,6000,7053,-1053,1,view,6a142cef0000000036030502,"completed"
http://xhslink.com/o/7DrdvmDmKGr,500,500,523,-23,1,view,6a13a8e600000000360037ca,"completed"
http://xhslink.com/o/3OFtmwPyNaW,1000,1000,1326,-326,1,view,6a10263b000000003501c327,"completed"
http://xhslink.com/o/AOahYr2dPc2,5000,5000,5026,-26,1,view,6a0d137400000000380220d2,"completed"
http://xhslink.com/o/853HJZqYXPG,1000,1000,1015,-15,1,view,6a071cc700000000070202ac,"completed"
http://xhslink.com/o/6X2XtP9VdJ9,4000,4000,4310,-310,1,view,6a105e26000000003502227e,"completed"
http://xhslink.com/o/9XDYoQvCnfn,1500,1500,1818,-318,1,view,6a0f1eb700000000380236ce,"completed"
http://xhslink.com/o/Arj98M3wCOS,1000,1000,1025,-25,1,view,6a0bff2b00000000360301ef,"completed"
http://xhslink.com/o/2sMqXKoTFqY,1000,1000,1051,-51,1,view,6a0ec22e000000003603214e,"completed"
http://xhslink.com/o/1UgeRz5IkDk,1000,1000,1034,-34,1,view,6a0d2e050000000036031600,"completed"
http://xhslink.com/o/3wqs1rzk59T,2000,4000,4672,-672,2,view,6a0ff75b000000000803c3ca,"completed"
http://xhslink.com/o/OY6W5V7cqm,2000,2000,2013,-13,1,view,69edd443000000001b020764,"completed"
http://xhslink.com/o/1cKuTCYNsu5,2000,2000,2530,-530,1,view,6a11270e000000003502dfcf,"completed"
http://xhslink.com/o/6NrFlOPHM4r,10000,10000,6995,3005,1,view,6a15425f0000000007010f21,"running"
http://xhslink.com/o/1AapN6HAaZ1,3000,3000,7817,-4817,1,view,6a1545a6000000003701fa91,"completed"
http://xhslink.com/o/8kWekQtvYlG,800,800,822,-22,1,view,6a12da670000000008026817,"completed"
http://xhslink.com/o/4jd18jdKGQm,1000,1000,1031,-31,1,view,6a12cd39000000000702a54f,"completed"
http://xhslink.com/o/Lk09mVgUpN,1000,1000,1006,-6,1,view,6a0d4b7e0000000006032c92,"completed"
http://xhslink.com/o/93RIiDZVxrZ,1000,1000,1014,-14,1,view,6a0bd6890000000008025b5a,"completed"
http://xhslink.com/o/A87vsebHTah,6000,22000,24563,-2563,4,view,6a1013030000000035028a5b,"completed"
http://xhslink.com/o/4XxPTNHNgh4,1000,1000,1249,-249,1,view,6a1288c000000000350292d2,"completed"
http://xhslink.com/o/P8DSfSwPNv,1000,1000,1200,-200,1,view,6a14442a00000000350218a7,"completed"
http://xhslink.com/o/6wIoKdiyfsG,2000,2000,2371,-371,1,view,6a153c77000000003502ebaa,"completed"
http://xhslink.com/o/6rZclII2Sqc,1000,1000,1072,-72,1,view,6a1537f70000000007027aab,"completed"
http://xhslink.com/o/9PDAcex8meq,1500,1500,1673,-173,1,view,6a140d9e00000000070231de,"completed"
http://xhslink.com/o/OAmvYG0QNf,4000,4000,11544,-7544,1,view,6a15438c000000003501f5c3,"completed"
http://xhslink.com/o/9PLeAQK3j3S,1000,1000,1055,-55,1,view,6a13f832000000000702a79d,"completed"
http://xhslink.com/o/1StTFJ8btpj,1000,1000,1315,-315,1,view,6a1520490000000035038d52,"completed"
http://xhslink.com/o/4cM1prOKRqW,1000,1000,1191,-191,1,view,6a14f425000000003700c275,"completed"
http://xhslink.com/o/44pWPzMYOjX,1000,1000,1219,-219,1,view,6a13eb170000000035038ad0,"completed"
http://xhslink.com/o/8aqlYXuQ9E9,1000,1000,1064,-64,1,view,6a104110000000000800351e,"completed"
http://xhslink.com/o/85ri7eXaS9N,1000,1000,1208,-208,1,view,6a13e2d600000000070281c8,"completed"
http://xhslink.com/o/A0OCyYC1UT7,1000,1000,1340,-340,1,view,6a13f0fb0000000038020839,"completed"
http://xhslink.com/o/8E7fY3wzYW3,1000,1000,1853,-853,1,view,6a10ff4a000000003601f57c,"completed"
http://xhslink.com/o/5DSdgGbjsp1,1000,1000,1623,-623,1,view,6a1525760000000006035c09,"completed"
http://xhslink.com/o/5Oa1SHAWaJC,1000,1000,1590,-590,1,view,6a1503ae0000000035026b7e,"completed"
http://xhslink.com/o/4Pchgz9ixph,1000,1000,1114,-114,1,view,6a13bd1a0000000006036d83,"completed"
http://xhslink.com/o/7ZTif1us3kl,1000,1000,1117,-117,1,view,6a13bcb200000000070122ce,"completed"
http://xhslink.com/o/QEhLt9dSz3,5000,15000,24585,-9585,3,view,6a0d6cae0000000007024ea6,"completed"
http://xhslink.com/o/7q55OXvOcyN,2000,2000,2643,-643,1,view,6a1400c4000000003802213c,"completed"
http://xhslink.com/o/9QmIDByYpk4,500,500,513,-13,1,view,69f087e0000000001a02d7e7,"completed"
http://xhslink.com/o/3EyCArqCMLT,500,500,668,-168,1,view,6a0a7c8c000000000803c6ad,"completed"
http://xhslink.com/o/7PXCJP4ZSne,500,500,757,-257,1,view,6a14557c000000003601cf36,"completed"
http://xhslink.com/o/AnBrz0ke3XO,500,500,578,-78,1,view,6a13b8df0000000007026db7,"completed"
http://xhslink.com/o/6e7hBAfa1n6,500,500,572,-72,1,view,6a13b846000000003503858b,"completed"
http://xhslink.com/o/5DWn14Utkx,500,500,762,-262,1,view,6a14fa5e0000000006033295,"completed"
http://xhslink.com/o/2hq9IbXD2Qq,500,1000,1221,-221,2,view,6a11c3f10000000008025a92,"completed"
http://xhslink.com/o/28ZPQx04h0y,500,500,523,-23,1,view,6a04316300000000070258c0,"completed"
http://xhslink.com/o/AuXvTCR7h81,500,500,526,-26,1,view,6a0ae90b000000000702ba59,"completed"
http://xhslink.com/o/184GS03GGMT,500,500,731,-231,1,view,6a144e5c0000000007020f26,"completed"
http://xhslink.com/o/64jcxiAurjg,500,500,513,-13,1,view,6a0fd14c0000000008002c3a,"completed"
http://xhslink.com/o/2qDe4EtxSue,500,500,528,-28,1,view,6a040bd0000000003701db24,"completed"
http://xhslink.com/o/3S7WFct9hvJ,2000,2000,2715,-715,1,view,6a1524700000000008000183,"completed"
http://xhslink.com/o/3beRpRmI9F0,1000,1000,2195,-1195,1,view,6a151fb400000000070136c8,"completed"
http://xhslink.com/o/tzRQZ3Btqp,5000,5000,5821,-821,1,view,6a151b07000000003503151b,"completed"
http://xhslink.com/o/6ctVBKp2U8h,2000,2000,2217,-217,1,view,6a150a3a0000000006033942,"completed"
http://xhslink.com/o/5V23jjDinlJ,500,500,510,-10,1,view,6a0c1caa000000003501c6d0,"completed"
http://xhslink.com/o/5pU5NPSmZLp,500,1000,1070,-70,2,view,6a0d63ef00000000350287c0,"completed"
http://xhslink.com/o/3Gy6xCIu5z0,2000,2000,2144,-144,1,view,6a1061800000000035030cd8,"completed"
http://xhslink.com/o/6OWihgaDMQ9,1000,1000,1196,-196,1,view,6a13d23c0000000035038e59,"completed"
http://xhslink.com/o/2nmV5HIcaBK,1000,1000,1065,-65,1,view,6a13cfbc000000003700c970,"completed"
http://xhslink.com/o/4f06H9yqoE0,3000,6000,6041,-41,2,view,6a04489e0000000035032d01,"completed"
http://xhslink.com/o/5lAvEha3kEg,3000,6000,6079,-79,2,view,6a06d2eb0000000007011ad2,"completed"
http://xhslink.com/o/6myQZtA8ADR,5000,5000,7306,-2306,1,view,6a1526310000000007028846,"completed"
http://xhslink.com/o/5tHJaqvrnQ,2000,2000,3187,-1187,1,view,6a151c46000000000702ea41,"completed"
http://xhslink.com/o/7F5VLhpEJQr,2000,2000,2079,-79,1,view,6a13fa92000000000603497a,"completed"
http://xhslink.com/o/5omMWDuFwzg,1000,1000,1037,-37,1,view,6a1026e1000000000803ced8,"completed"
http://xhslink.com/o/7RyPImJ7OoY,2000,2000,2065,-65,1,view,6a06c6de000000003502e8e1,"completed"
http://xhslink.com/o/6VgUDhspIt9,1500,1500,1682,-182,1,view,6a142b1d00000000070263dc,"completed"
http://xhslink.com/o/aTUIzrPXto,1000,1000,1055,-55,1,view,6a14044a000000000803d714,"completed"
http://xhslink.com/o/6vbhUx0mnWl,1000,1000,1022,-22,1,view,6a0fd045000000000702a65b,"completed"
http://xhslink.com/m/4S1u69CbLcF,2000,2000,2058,-58,1,view,6a09e9c1000000003803410a,"completed"
http://xhslink.com/o/1QazcqDlL0L,5000,5000,21296,-16296,1,view,6a11892600000000060221e3,"completed"
http://xhslink.com/o/ujSGxpoAHz,5000,5000,5065,-65,1,view,6a0ed169000000000803c56e,"completed"
http://xhslink.com/m/9ZlGi0uVEGc,2000,2000,2092,-92,1,view,6a11acd80000000038034ff6,"completed"
http://xhslink.com/o/6863Q97n8eV,2000,2000,2176,-176,1,view,6a13d54b00000000080006be,"completed"
http://xhslink.com/o/gDZ1NVqaft,1000,1000,1185,-185,1,view,6a151bc90000000008030243,"completed"
http://xhslink.com/o/70AyoF0bkoZ,2000,2000,3090,-1090,1,view,6a1533a90000000008000124,"completed"
http://xhslink.com/o/12fMVJMQKZu,3000,3000,3842,-842,1,view,6a142af500000000380223ca,"completed"
http://xhslink.com/o/4QM19MbydOx,1000,1000,1372,-372,1,view,6a13fda6000000000702cf12,"completed"
http://xhslink.com/o/5RE2vX1GCsg,500,2500,2758,-258,2,view,6a1026b90000000008030294,"completed"
http://xhslink.com/o/A38SWHSl8wV,1000,1000,1270,-270,1,view,6a13fe9b00000000380214f1,"completed"
http://xhslink.com/o/1LVWRVbIJHB,1000,1000,1036,-36,1,view,6a0d8ce8000000003700cd30,"completed"
http://xhslink.com/o/EJ7lpcf9rC,1000,1000,1310,-310,1,view,6a13ceff000000003601aee5,"completed"
http://xhslink.com/o/4hVIq5KryCl,1000,1000,1219,-219,1,view,6a13d6a30000000038035023,"completed"
http://xhslink.com/o/5931p1GQ0Pz,1000,1000,1330,-330,1,view,6a117c300000000036032af2,"completed"
http://xhslink.com/o/fuQ5WUpNho,2000,2000,2194,-194,1,view,6a101d940000000008030b21,"completed"
http://xhslink.com/o/2wV8mky2UL0,20000,20000,6458,13542,1,view,69f98845000000002202b7f1,"running"
http://xhslink.com/o/86iAVbTwILL,5000,17000,17827,-827,3,view,6a0c2a7b00000000060209c7,"completed"
http://xhslink.com/o/tbAIqy9vBQ,20000,71000,58331,12669,3,view,6a0a917f0000000007010c2f,"completed,running"
http://xhslink.com/o/3S41HSFUWtQ,4000,4000,12291,-8291,1,view,6a151fe90000000035038b82,"completed"
http://xhslink.com/o/4fxKC8hSnK,5000,5000,5161,-161,1,view,6a112e9d00000000070258cf,"completed"
http://xhslink.com/o/1PD5572pJe5,1000,1000,1294,-294,1,view,6a14087e0000000036019f19,"completed"
http://xhslink.com/o/6chJuB4DQOd,500,500,521,-21,1,view,6a13e16800000000080322cb,"completed"
http://xhslink.com/o/7X3sWlFTBmP,3000,3000,3763,-763,1,view,6a15359f000000003501ec4e,"completed"
http://xhslink.com/o/7zIE3iL8NsP,1000,1000,1014,-14,1,view,69f9cd980000000023017107,"completed"
http://xhslink.com/o/6sqRCw6Xa0,4000,4000,4602,-602,1,view,6a1552a200000000080255c4,"completed"
http://xhslink.com/o/9Mkyrkmg9gc,4000,4000,4434,-434,1,view,6a13bc6a00000000080013f0,"completed"
http://xhslink.com/o/2bD1FdRGtAc,1000,1000,1184,-184,1,view,6a141147000000000803144e,"completed"
http://xhslink.com/o/5y2Eoox8U5p,500,500,698,-198,1,view,6a1410fb0000000035030390,"completed"
http://xhslink.com/o/7QEv4D6fUf,2000,2000,2276,-276,1,view,6a1546f4000000000702e83c,"completed"
http://xhslink.com/o/6NUw7Ow5U0P,3000,5000,5587,-587,2,view,6a0c107a000000003700e54b,"completed"
http://xhslink.com/o/95k2CC6vYDV,2000,4000,4469,-469,2,view,6a115685000000000702bc8b,"completed"
http://xhslink.com/o/9j19CmK4els,2000,2000,2067,-67,1,view,6a05729200000000070135a6,"completed"
http://xhslink.com/o/3YXwZQYB5QD,4000,2000,2135,-135,1,view,6a1258360000000008025367,"completed"
http://xhslink.com/o/63nYVpBhQpS,2000,4000,4489,-489,2,view,6a13da3a000000000803cd39,"completed"
http://xhslink.com/o/2Bjm3Hq2MVl,5000,2000,2676,-676,1,view,6a154303000000000802454f,"completed"
http://xhslink.com/o/nb1FtOFTGS,3000,3000,3359,-359,1,view,6a15525000000000060306de,"completed"
http://xhslink.com/o/5ToGGPSepHm,3000,3000,3242,-242,1,view,6a14489f0000000007023088,"completed"
http://xhslink.com/o/7Bb91fRTQDe,2000,2000,2219,-219,1,view,6a14156e0000000008032b94,"completed"
http://xhslink.com/o/AVqUXXRrimS,2000,1000,1374,-374,1,view,6a12ea620000000035028853,"completed"
http://xhslink.com/o/UyYvrsn3SX,5000,5000,5051,-51,1,view,6a1403f60000000007024caa,"completed"
http://xhslink.com/o/RQYEyMoCsK,1000,1000,1257,-257,1,view,6a13bda30000000007012753,"completed"
http://xhslink.com/o/3abar0rUXnX,2000,1000,1178,-178,1,view,6a146e620000000008000eb8,"completed"
http://xhslink.com/m/3JQEqeyKoTc,1000,1000,1200,-200,1,view,6a13bacf0000000006021649,"completed"
http://xhslink.com/o/1KWWh6bPQUj,1000,1000,1057,-57,1,view,6a0ed36c0000000035024638,"completed"
http://xhslink.com/m/6d5FbeOSE9k,1000,1000,1010,-10,1,view,6a0d7c450000000035039940,"completed"
http://xhslink.com/m/1wWN5bnfk5F,1000,1000,1016,-16,1,view,6a0c5a8500000000060337a2,"completed"
http://xhslink.com/m/1ZqOODl7flv,2000,2000,2147,-147,1,view,6a12c77e0000000035026e0b,"completed"
http://xhslink.com/o/AryPP95MgU2,1000,1000,1029,-29,1,view,6a1047710000000006036a82,"completed"
http://xhslink.com/m/4jFxl1s6AEZ,1000,1000,1006,-6,1,view,6a0d6a040000000006036637,"completed"
http://xhslink.com/m/A0rOigxElen,1000,1000,1028,-28,1,view,6a1051e7000000000803329a,"completed"
http://xhslink.com/o/1jFygyPbVmX,1000,1000,1017,-17,1,view,6a0d6080000000000803cf4f,"completed"
http://xhslink.com/o/3Bcda7jDxnY,1000,1000,1012,-12,1,view,6a0e680500000000070286ae,"completed"
http://xhslink.com/o/2tIfcziLmTc,1000,1000,1120,-120,1,view,6a0eceb700000000370345e1,"completed"
http://xhslink.com/o/nqd3IQ3AV6,1000,1000,1006,-6,1,view,6a0ebfd8000000000702b60b,"completed"
http://xhslink.com/o/4QuULgp20Cm,2000,2000,2025,-25,1,view,6a0ea99a000000003701fd18,"completed"
http://xhslink.com/o/9jhAZDcFgZ3,1000,1000,1004,-4,1,view,6a0ef8bc000000003501e46d,"completed"
http://xhslink.com/o/64CKYVLf21U,1000,1000,1085,-85,1,view,6a101e240000000038035f08,"completed"
http://xhslink.com/o/24AEGK4Zgmg,1000,1000,1027,-27,1,view,6a0d1573000000003502f3aa,"completed"
http://xhslink.com/o/7SelJZRW0QM,1000,1000,1015,-15,1,view,6a0ec8340000000038022d18,"completed"
http://xhslink.com/m/5bmkhnbShkj,3000,3000,3074,-74,1,view,6a0d784a0000000007024f1b,"completed"
http://xhslink.com/m/67giJDWKZ2z,2000,2000,2022,-22,1,view,6a0d6b7000000000380363b9,"completed"
http://xhslink.com/o/23STs2uxpBu,3000,3000,3613,-613,1,view,6a143d290000000006030981,"completed"
http://xhslink.com/m/1J8JJEPggea,4000,4000,4289,-289,1,view,6a12c06a0000000036001076,"completed"
http://xhslink.com/o/8ouWCr83P94,4000,4000,4518,-518,1,view,6a140e34000000000803cab6,"completed"
http://xhslink.com/o/461Rw3h6zTQ,1000,1000,1015,-15,1,view,6a09b7620000000038021a0f,"completed"
http://xhslink.com/m/22z1HLRj6e1,2000,2000,2327,-327,1,view,6a13cd3a000000000702f032,"completed"
http://xhslink.com/m/6gEypPLfoiq,1000,1000,1072,-72,1,view,6a142f7b000000000803c026,"completed"
http://xhslink.com/o/8hXCXXyohyT,1000,1000,1104,-104,1,view,6a1004a6000000003601e2a6,"completed"
http://xhslink.com/m/AZHQK4AZPJO,3000,3000,4009,-1009,1,view,6a1421d7000000003501cb21,"completed"
http://xhslink.com/o/9jp0Djf2XbY,4000,4000,5468,-1468,1,view,6a14218700000000380378de,"completed"
http://xhslink.com/m/D1l2aLW0TB,1000,1000,1068,-68,1,view,6a117951000000003503b339,"completed"
http://xhslink.com/o/7WWHEQTxWvq,1000,1000,1028,-28,1,view,6a0da6e300000000080266c1,"completed"
http://xhslink.com/m/5mnWIz7lbbx,1000,1000,1093,-93,1,view,6a10524e000000000702e1f5,"completed"
http://xhslink.com/o/7CuF5wnGjgo,1000,1000,1021,-21,1,view,6a0db487000000003601a8e9,"completed"
http://xhslink.com/o/ArRopXo4iO7,1000,1000,1026,-26,1,view,6a0da943000000003701dab0,"completed"
http://xhslink.com/m/zb7e3HjDDi,3000,3000,3035,-35,1,view,6a0ec76d0000000035031cb5,"completed"
http://xhslink.com/m/1uGg2G2ckrb,3000,3000,3044,-44,1,view,6a1004c100000000350313ee,"completed"
http://xhslink.com/o/8QJauBSrbPP,1000,1000,1078,-78,1,view,6a107e49000000003501c2e7,"completed"
http://xhslink.com/o/6rsvRHplaxQ,1000,1000,1015,-15,1,view,6a105c360000000006035b89,"completed"
http://xhslink.com/o/7DWozW29wE0,1000,1000,1007,-7,1,view,6a1052330000000008033439,"completed"
http://xhslink.com/o/2m18twZdylN,1000,1000,1181,-181,1,view,6a105b330000000008027a48,"completed"
http://xhslink.com/o/AKYtmQyQBTf,1000,1000,1214,-214,1,view,6a10ff93000000003700eabd,"completed"
http://xhslink.com/o/6en2m4H6foF,1000,1000,1053,-53,1,view,6a12d2060000000037037889,"completed"
http://xhslink.com/o/8HnE01pKalu,2000,2000,2035,-35,1,view,6a0d78a30000000036033bd4,"completed"
http://xhslink.com/o/2ohDBXM9ZGk,1000,1000,1133,-133,1,view,6a125a750000000038037b4a,"completed"
http://xhslink.com/m/59GzVUQjQ1A,1000,1000,1025,-25,1,view,6a0a1a07000000003503217d,"completed"
http://xhslink.com/o/9kR6AIRjcyZ,1000,1000,1136,-136,1,view,6a119de000000000080247d9,"completed"
http://xhslink.com/m/48dJKPuFMMb,1000,1000,1015,-15,1,view,6a0d59910000000035024424,"completed"
http://xhslink.com/o/3i7jWlPO2m7,1000,1000,1010,-10,1,view,6a0d4bcc000000003701df4c,"completed"
http://xhslink.com/m/2P8BL7QxqRG,1000,1000,1071,-71,1,view,6a119e860000000035033527,"completed"
http://xhslink.com/o/7uuD2chDjfV,1000,1000,1055,-55,1,view,6a118ee40000000007026374,"completed"
http://xhslink.com/o/7n0MUbDdY4j,1000,1000,1015,-15,1,view,6a11d3840000000006031c73,"completed"
http://xhslink.com/o/8FEjh637hUc,1000,1000,1039,-39,1,view,6a12d10d00000000350315a7,"completed"
http://xhslink.com/o/99BMtgZCn5Q,1000,1000,1024,-24,1,view,6a0d9a5e0000000006031dc8,"completed"
http://xhslink.com/m/97Bfg6iFVI7,2000,2000,2056,-56,1,view,6a11895b00000000070125f8,"completed"
http://xhslink.com/m/AaEJ0YkvlFr,2000,2000,2000,0,1,view,6a141bf4000000003503a8dd,"completed"
http://xhslink.com/m/9spellhelmE,2000,2000,3013,-1013,1,view,6a142b7a0000000006020653,"completed"
http://xhslink.com/m/1w31ORDgObN,2000,2000,2581,-581,1,view,6a12e31e000000000800145b,"completed"
http://xhslink.com/o/5cF8tIThpYM,1000,1000,1230,-230,1,view,6a12be0c000000000803c044,"completed"
http://xhslink.com/m/1txoyFuAxKa,2000,2000,2000,0,1,view,6a118ea800000000350268f3,"completed"
http://xhslink.com/o/24VjoFWIaK,2000,2000,2103,-103,1,view,6a1161f20000000006023fca,"completed"
http://xhslink.com/m/9iT6vWT6ZbZ,1000,1000,1007,-7,1,view,6a1303f0000000000802477d,"completed"
http://xhslink.com/o/A9idQ4TBJ8i,2000,2000,2353,-353,1,view,6a144fde0000000008032542,"completed"
http://xhslink.com/o/1x3jjF9WsyC,2000,2000,2329,-329,1,view,6a14519b0000000006021242,"completed"
http://xhslink.com/o/AJtJYA53RN7,2000,2000,2485,-485,1,view,6a1415590000000006020de1,"completed"
http://xhslink.com/o/4EaYo0ffKlo,1000,1000,1560,-560,1,view,6a15427c000000000803f4b9,"completed"
http://xhslink.com/o/1Mm9kNT2V9Q,1000,1000,1260,-260,1,view,6a1453d40000000037037c18,"completed"
http://xhslink.com/o/8TZhgfPiz6G,6000,6000,6089,-89,1,view,6a068f3a0000000038023053,"completed"
http://xhslink.com/o/9F3S3gDPePG,1000,2000,3076,-1076,2,view,6a11652f0000000007027698,"completed"
http://xhslink.com/o/WvOXNWr32I,3000,3000,16210,-13210,1,view,6a151b9b0000000007029c02,"completed"
http://xhslink.com/o/AApxbD3gI9e,2000,2000,2000,0,1,view,6a14dfd6000000003503beec,"completed"
http://xhslink.com/o/3LPEIzyhGXm,1000,1000,1358,-358,1,view,6a154b10000000003703780d,"completed"
http://xhslink.com/o/1kWRhEm4oXt,5000,5000,9571,-4571,1,view,6a1047cc000000003700fac6,"completed"
http://xhslink.com/o/89StsF6VCJy,3000,6000,6480,-480,2,view,6a1158c2000000000702d970,"completed"
http://xhslink.com/o/2CINvOMLbgA,3000,3000,7128,-4128,1,view,6a13e8690000000007023511,"completed"
http://xhslink.com/o/5YTYV76rAnE,2000,2000,2348,-348,1,view,6a150b800000000038020bf6,"completed"
http://xhslink.com/o/8rIJtRuwsrK,1000,1000,1015,-15,1,view,6a06bfb1000000003502c005,"completed"
http://xhslink.com/o/A97VZCM6Bzq,1000,1000,1013,-13,1,view,6a099b5b00000000350383d7,"completed"
http://xhslink.com/o/55xrp3LKyB0,3000,1000,1266,-266,1,view,6a153714000000003601b7e9,"completed"
http://xhslink.com/o/AasKhHs8mTX,1000,1000,1232,-232,1,view,6a10316b0000000006022234,"completed"
http://xhslink.com/o/9SM6xVsOgTI,1000,1000,1015,-15,1,view,6a0bef800000000035021a56,"completed"
http://xhslink.com/o/Apah4ZU4iGJ,500,500,685,-185,1,view,6a0d5efb000000003601f697,"completed"
http://xhslink.com/o/53EwjYEXHEw,500,500,695,-195,1,view,6a0d5fcc000000000702a086,"completed"
http://xhslink.com/o/6QuEgE8Ymxf,5000,5000,5279,-279,1,view,6a0ed7ca000000003701d9b6,"completed"
http://xhslink.com/o/3xJ4B2MMOio,2000,2000,2193,-193,1,view,6a1328b0000000003501cdea,"completed"
http://xhslink.com/o/4h3N4apvQhV,1500,1500,1757,-257,1,view,6a1540830000000036032b86,"completed"
http://xhslink.com/o/106nvK0mqA8,15000,15000,6297,8703,1,view,6a154537000000003701f823,"running"
http://xhslink.com/o/4wULibX9fUC,2000,4000,4436,-436,2,view,6a0ef6d1000000000702a30b,"completed"
http://xhslink.com/o/79Ey2bBUh4x,2000,2000,2695,-695,1,view,6a1558be000000003700c7d6,"completed"
http://xhslink.com/o/7pjCR1K5Wif,1000,1000,1149,-149,1,view,6a1413b500000000070214e9,"completed"
http://xhslink.com/o/1XKxbbKWiOA,5000,5000,5248,-248,1,view,6a13e285000000000702805f,"completed"
http://xhslink.com/o/52GBLjYZdBY,500,500,538,-38,1,view,6a03d7f3000000000603454c,"completed"
http://xhslink.com/o/1HMVQIcB2hb,500,500,553,-53,1,view,6a112505000000000602057c,"completed"
http://xhslink.com/o/1bJYSrOEvsu,500,500,554,-54,1,view,6a10109600000000060314d9,"completed"
http://xhslink.com/o/8lLZEjT6FB5,500,500,501,-1,1,view,69f000e4000000001b022540,"completed"
http://xhslink.com/o/8KwkYqXTbsz,500,500,803,-303,1,view,6a15549c0000000035039ae1,"completed"
http://xhslink.com/o/8lK2I7YEmdH,6000,6000,5782,218,1,view,6a0e6b16000000003802272f,"running"
http://xhslink.com/o/2hjHRGhsiei,9000,4000,4318,-318,1,view,6a102634000000003700e92f,"completed"
http://xhslink.com/o/AWQVa2Xs5UH,2000,2000,2895,-895,1,view,6a1542d1000000000702208f,"completed"
http://xhslink.com/o/9PXaKis1y9l,2000,2000,2677,-677,1,view,6a13b3b8000000000702f884,"completed"
http://xhslink.com/o/1nWqAqEGRyp,1000,1000,1023,-23,1,view,6a0a7f8f00000000070252f9,"completed"
http://xhslink.com/o/3K8X2qPb7PX,1000,1000,1023,-23,1,view,6a0d951e00000000060301dc,"completed"
http://xhslink.com/o/81XjDjl11DF,1000,1000,1012,-12,1,view,6a13c832000000000603016c,"completed"
http://xhslink.com/o/56eLg4rOSTe,1000,1000,1380,-380,1,view,6a154d7c000000003502670b,"completed"
http://xhslink.com/o/3AvuiUYyoE8,1000,4000,6873,-2873,3,view,6a0e6df40000000035022220,"completed"
http://xhslink.com/o/3FZJebtSqQf,2000,2000,3397,-1397,1,view,6a15583e0000000008027316,"completed"
http://xhslink.com/o/29g6O0bGtq8,1000,3000,3936,-936,2,view,6a1421dd000000003701f640,"completed"
http://xhslink.com/o/9yXGroSStqU,1000,1000,1009,-9,1,view,6a0cee95000000003701fed0,"completed"
http://xhslink.com/o/2Faa1dLPKpr,1000,1000,1024,-24,1,view,6a0ac7d40000000037036f7a,"completed"
http://xhslink.com/o/76xeKGuFZqm,1000,1000,1276,-276,1,view,6a11a4fb000000003700f4b5,"completed"
http://xhslink.com/o/81Vhm2ev9oq,3000,3000,3384,-384,1,view,6a14fd6100000000070117da,"completed"
http://xhslink.com/o/8eFKYMvhxDW,1000,1000,1260,-260,1,view,6a155f00000000003503986c,"completed"
http://xhslink.com/o/2UiIkRG6aC6,500,4000,4919,-919,4,view,6a0d318c000000003502b68a,"completed"
http://xhslink.com/o/5oguEzf7pQx,2000,2000,2327,-327,1,view,6a13d5d20000000036001c6c,"completed"
http://xhslink.com/o/4ktSosI2xwn,500,4000,4229,-229,4,view,6a0c1f820000000035033559,"completed"
http://xhslink.com/o/95j8GJcgAt1,500,7000,7315,-315,4,view,6a0d8abf000000003503b9c0,"completed"
http://xhslink.com/o/AgbVeJ0Uika,2000,2000,2149,-149,1,view,6a13eee30000000036001afc,"completed"
http://xhslink.com/o/3JdIR7XVUQe,1000,1000,1021,-21,1,view,69f8ba2c000000001b02217b,"completed"
http://xhslink.com/o/2zgLBXf4JmW,1000,1000,1033,-33,1,view,69f0a7c4000000002003b353,"completed"
http://xhslink.com/o/3h3IUAo5WDN,2000,2000,2590,-590,1,view,6a153fa90000000038021387,"completed"
http://xhslink.com/o/8lS4DvTUWKo,2000,2000,2248,-248,1,view,6a0bce170000000006020308,"completed"
http://xhslink.com/o/41wirgUGKd9,2000,2000,2746,-746,1,view,6a156551000000003503216e,"completed"
http://xhslink.com/o/3wrb5lngZzc,2000,2000,2795,-795,1,view,6a1545830000000007011e92,"completed"
http://xhslink.com/o/2awpAYb3Neh,2000,2000,2287,-287,1,view,6a1556d5000000003701dc43,"completed"
http://xhslink.com/o/8Jyte4CpTQX,2000,2000,2205,-205,1,view,6a130cf4000000003603058b,"completed"
http://xhslink.com/o/4Gr0cIojdav,3000,13000,13921,-921,2,view,6a1059c20000000008027234,"completed"
http://xhslink.com/o/2OZ9F8XuhLO,1000,1000,3126,-2126,1,view,6a1562240000000008026939,"completed"
http://xhslink.com/o/smKrCRAjL,1000,1000,1149,-149,1,view,6a1566910000000036030c34,"completed"
http://xhslink.com/o/kIpkGZl8Me,1000,1000,1276,-276,1,view,6a100447000000000702455e,"completed"
http://xhslink.com/o/AQNXpnKrk3K,4000,4000,4147,-147,1,view,6a0d83600000000007013317,"completed"
http://xhslink.com/o/40aKHYk6GpF,1000,1000,21314,-20314,1,view,6a10379d00000000370361e6,"completed"
http://xhslink.com/o/9RkGZ588epK,1000,1000,1078,-78,1,view,6a0ffbab000000003700dd1d,"completed"
http://xhslink.com/o/5ZyrOy4i1ol,3000,3000,3409,-409,1,view,6a150459000000003601b8b6,"completed"
http://xhslink.com/o/8ug8BKlv8Cm,3000,10000,13570,-3570,3,view,6a0fd8ff000000003700eb2f,"completed"
http://xhslink.com/o/7Ug6oiilO3Y,3000,3000,3090,-90,1,view,6a0c91ec000000000702d2c3,"completed"
http://xhslink.com/o/59wA2Po47cD,3000,3000,3803,-803,1,view,6a127b17000000003701e0bb,"completed"
http://xhslink.com/o/2nPnMUeLFvj,1000,1000,1122,-122,1,view,6a13a9320000000007028021,"completed"
http://xhslink.com/o/oexk08j8H2,1000,1000,1023,-23,1,view,6a12c20d0000000006022e7b,"completed"
http://xhslink.com/o/1nbg7h9ln3,1000,3000,3360,-360,2,view,6a141f9000000000080325b0,"completed"
http://xhslink.com/o/Ual0NUbqrt,6000,3000,3307,-307,1,view,6a0d5e97000000003601f43b,"completed"
http://xhslink.com/o/83chw913qgK,3000,3000,3123,-123,1,view,6a155cad000000003501c43d,"completed"
http://xhslink.com/o/8qrPVQ98S0h,2000,2000,2445,-445,1,view,6a13eb5f000000003601b9f1,"completed"
http://xhslink.com/o/Sz3bf8MSbs,2000,2000,2272,-272,1,view,6a155f3a0000000006030bb9,"completed"
http://xhslink.com/o/1p01NdRt4Ui,2000,11000,11477,-477,4,view,6a0ff66e0000000007027d10,"completed"
http://xhslink.com/o/625qeBwvQ8k,1000,1100,1316,-216,2,view,6a12b8200000000035033f74,"completed"
http://xhslink.com/o/8RI3W6w9hEO,8000,8000,9727,-1727,1,view,6a143d3100000000070299c6,"completed"
http://xhslink.com/o/5jtwZAEf7ky,5000,5000,4454,546,1,view,6a0af36c0000000008003848,"running"
http://xhslink.com/o/pAIz7hnPEz,5000,5000,5143,-143,1,view,6a13e26b0000000007026979,"completed"
http://xhslink.com/o/4ydIURYZzlM,6000,6000,4410,1590,1,view,6a1186530000000007028d2e,"running"
http://xhslink.com/o/3gAtU8wuQr7,4000,2000,2672,-672,1,view,6a1403d0000000000800237b,"completed"
http://xhslink.com/o/4uJQ2c9ygkP,2000,2000,7818,-5818,1,view,6a13ec81000000003701f7a2,"completed"
http://xhslink.com/o/4oBoPseysnx,1000,1000,2040,-1040,1,view,6a13e06b000000003502934c,"completed"
http://xhslink.com/o/5ZRfACJyUX,1000,2000,2174,-174,2,view,6a1313a70000000008033ee2,"completed"
http://xhslink.com/o/81kdC7rHkev,1000,1000,1051,-51,1,view,6a0fa1ef0000000008002518,"completed"
http://xhslink.com/o/2sZFVm8eKnY,1000,2000,2044,-44,2,view,69fd460c000000001b0216bb,"completed"
http://xhslink.com/o/9hhhpG7FUB7,10000,10000,4607,5393,1,view,6a151832000000000803fa10,"running"
http://xhslink.com/o/1HztczZsHrn,2000,4000,4456,-456,2,view,6a0acd60000000000803cb59,"completed"
http://xhslink.com/o/5ZEdIQxubgS,2000,2000,2854,-854,1,view,6a142094000000000702cf32,"completed"
http://xhslink.com/o/8la2Zu1juhX,1000,1000,1725,-725,1,view,6a130bb4000000000803e030,"completed"
http://xhslink.com/o/4zJ5dtKg8q7,1000,1000,1242,-242,1,view,6a143fcb0000000008030e8b,"completed"
http://xhslink.com/o/8Kv0zH5EyAW,1000,1000,6515,-5515,1,view,6a12cb8400000000350295d9,"completed"
http://xhslink.com/o/Vtnl474O2s,1000,3000,3050,-50,3,view,6a0c7b87000000003503b38c,"completed"
http://xhslink.com/o/99ddCfAI1x0,2000,2000,2142,-142,1,view,6a043910000000003502ad42,"completed"
http://xhslink.com/o/3CwWYLmhfLb,2000,4000,4828,-828,2,view,6a13f68f000000003502dc65,"completed"
http://xhslink.com/o/8slY8StzDgQ,4000,2000,2158,-158,1,view,6a1531300000000036031d60,"completed"
http://xhslink.com/o/6zyZlb5zyxx,1000,500,1219,-719,1,view,6a154244000000003503154f,"completed"
http://xhslink.com/o/6TKPNm8WCRE,500,3500,3770,-270,4,view,6a0ee4020000000008032206,"completed"
http://xhslink.com/o/9JKDSBpetA7,2000,2000,2956,-956,1,view,6a154e8e000000003502b8f0,"completed"
http://xhslink.com/o/70lS79JDml,1000,1000,1215,-215,1,view,6a155f2d0000000007012567,"completed"
http://xhslink.com/o/7hZxpvLrHB7,2000,2000,2282,-282,1,view,6a153d360000000036001a92,"completed"
http://xhslink.com/o/6g8pnKDtPaY,1000,1000,2225,-1225,1,view,6a13f89800000000370358c7,"completed"
http://xhslink.com/o/8cXoAuHsdui,1000,4000,4092,-92,3,view,6a106ae10000000007011c9b,"completed"
http://xhslink.com/o/5rZeD6amZWI,1000,1000,1038,-38,1,view,6a131051000000000702249f,"completed"
http://xhslink.com/o/9ff4fH1DPK9,1000,1000,1140,-140,1,view,6a15329c00000000080278f8,"completed"
http://xhslink.com/o/3ImDQMlGAbh,3000,3000,4099,-1099,1,view,6a1557240000000007013964,"completed"
http://xhslink.com/o/3YYD6DQ5uil,2000,4000,4304,-304,2,view,6a11a3c300000000060345e1,"completed"
http://xhslink.com/o/8gb62DG7WkG,3000,1000,1239,-239,1,view,6a142183000000003501c93b,"completed"
http://xhslink.com/o/6DJCAi0fUpX,1000,1000,1020,-20,1,view,6a0d9a5e000000003703665f,"completed"
http://xhslink.com/o/AvOCbYdkRO7,1000,1000,1477,-477,1,view,6a14f9f20000000036018706,"completed"
http://xhslink.com/o/6C9XL6cr3Y9,4000,2000,2964,-964,1,view,6a151c7d000000003502bb2e,"completed"
http://xhslink.com/o/2NgeGl8aWQo,1000,1000,1671,-671,1,view,6a1554af0000000006037a12,"completed"
http://xhslink.com/o/7CyWCeeJW32,500,2500,2616,-116,5,view,69fefa530000000036003bfe,"completed"
http://xhslink.com/o/5YszDEJ2N6R,1000,2000,2331,-331,2,view,6a1424c20000000036001dcb,"completed"
http://xhslink.com/o/Ba9BynyghK,10000,10000,4320,5680,1,view,6a154cbc000000003700c20a,"running"
http://xhslink.com/o/6B671yRzE43,1000,1000,1038,-38,1,view,6a13f629000000000702380b,"completed"
http://xhslink.com/o/3lsYwF6akRQ,500,500,591,-91,1,view,6a15657200000000060209e3,"completed"
http://xhslink.com/o/1RNZBr8DEKZ,500,500,791,-291,1,view,6a1564e70000000035031efd,"completed"
http://xhslink.com/o/4ubHsAFMc3N,500,500,790,-290,1,view,6a15661900000000070281b0,"completed"
http://xhslink.com/o/9UFJNUd83pK,6000,6000,14465,-8465,1,view,6a155fc4000000003601fc21,"completed"
http://xhslink.com/o/AQ0qc5b5ZjC,3000,6000,6573,-573,2,view,6a1006c80000000008030c7d,"completed"
http://xhslink.com/o/3Gw1hzi4f3v,3000,6000,6434,-434,2,view,6a1009260000000008031934,"completed"
http://xhslink.com/o/5sJXiXmFsWE,3000,7000,7431,-431,3,view,6a100a2e0000000006023ed4,"completed"
http://xhslink.com/o/1ACA5TBSUfj,500,1000,1432,-432,2,view,6a115584000000000702b6ee,"completed"
http://xhslink.com/o/7xFe8bWicEX,2000,2000,4640,-2640,1,view,6a13cbe20000000007029f92,"completed"
http://xhslink.com/o/7xZDy4jyGdY,1000,1000,1222,-222,1,view,6a155f5c000000003601f98d,"completed"
http://xhslink.com/o/1lZVaUmgQWP,6000,6000,6389,-389,1,view,6a153c8f0000000036001748,"completed"
http://xhslink.com/o/5aBIkiEySoi,5000,13000,16185,-3185,2,view,6a0ed707000000003502fce8,"completed"
http://xhslink.com/o/LbpvJBJHF5,6000,3000,6942,-3942,1,view,6a1550580000000035028341,"completed"
http://xhslink.com/o/94OjkCcIWPt,5000,5000,4200,800,1,view,6a1551fc000000000803c3d3,"running"
http://xhslink.com/o/9fFPapEvOEw,1000,1000,1471,-471,1,view,6a12f1460000000008001f44,"completed"
http://xhslink.com/o/7NrNj2CO40V,1000,1000,1142,-142,1,view,6a112fc6000000000803e64b,"completed"
http://xhslink.com/o/3GeLH7FRiVy,1000,1000,1077,-77,1,view,6a103c590000000008001ba2,"completed"
http://xhslink.com/o/2fyZLTA4Kk5,1000,1000,1080,-80,1,view,6a0f155100000000060357b9,"completed"
http://xhslink.com/o/6XkVKOSG1QS,1000,1000,1135,-135,1,view,6a0ef78800000000080028a5,"completed"
http://xhslink.com/o/7mDHtcWbuFU,1000,1000,1218,-218,1,view,6a153c180000000035029182,"completed"
http://xhslink.com/o/7nGOTIqUWOu,1500,1500,1631,-131,1,view,6a154f6e0000000035031ec7,"completed"
http://xhslink.com/o/3N3v8D8k9S0,5000,5000,4224,776,1,view,6a12c847000000000803f85d,"running"
http://xhslink.com/o/74UktswJuTa,3000,3000,3195,-195,1,view,6a1559fa000000003502d296,"completed"
http://xhslink.com/o/47pBMQxOlLq,3000,3000,3082,-82,1,view,6a0f789b000000003502a179,"completed"
http://xhslink.com/o/UkrIXanpfm,10000,10000,4425,5575,1,view,6a156b18000000000702378e,"running"
http://xhslink.com/o/mAcUV4SjOB,1000,1000,1748,-748,1,view,6a155d430000000006021bd1,"completed"
http://xhslink.com/o/12szcgu2NpX,6000,11000,13011,-2011,2,view,6a12a0e000000000380378fa,"completed"
http://xhslink.com/o/5ADRdd98hi9,6000,8000,6971,1029,2,view,6a14105000000000370365da,"completed,running"
http://xhslink.com/o/6AN8w8lBpQb,7000,7000,4320,2680,1,view,6a0c119e0000000035027fdc,"running"
http://xhslink.com/o/8VwYFnc4DAX,1000,1000,1037,-37,1,view,69f5ea850000000036033140,"completed"
http://xhslink.com/o/8T1uvWFAAt3,1000,1000,1134,-134,1,view,6a1462f20000000038022912,"completed"
http://xhslink.com/o/7gDbmMwbiGH,1000,1000,1310,-310,1,view,6a150832000000000803241d,"completed"
http://xhslink.com/o/12uZJk7jFK5,2000,4000,4364,-364,2,view,6a141d77000000000803e1be,"completed"
http://xhslink.com/o/AlaLx1h3Ov5,2000,2000,2025,-25,1,view,6a0d962700000000380374f2,"completed"
http://xhslink.com/o/7ykQWkbqDrA,4000,4000,4574,-574,1,view,6a1555e6000000003501dca3,"completed"
http://xhslink.com/o/N2qpnxUH32,1000,1000,1056,-56,1,view,6a146a8d0000000038020d83,"completed"
http://xhslink.com/o/9R2EFEla17N,1000,4000,4073,-73,2,view,6a104bf500000000350261c1,"completed"
http://xhslink.com/o/4HLAgXIMM9C,2000,2000,2201,-201,1,view,6a1511db0000000035038424,"completed"
http://xhslink.com/o/2CPLDghFJst,1000,1000,1771,-771,1,view,6a15337d000000003601a623,"completed"
http://xhslink.com/o/12SmkbKb0Mb,1000,1000,1345,-345,1,view,6a15634400000000350267dd,"completed"
http://xhslink.com/o/7nXW688gMdL,1000,1000,1250,-250,1,view,6a13dad5000000003503b906,"completed"
http://xhslink.com/o/6KMP8Ldjkp3,8000,4000,4461,-461,1,view,6a155d820000000006021d2e,"completed"
http://xhslink.com/o/4D0yjXzvTiC,5000,4000,4208,-208,1,view,6a13f9fd00000000080271ee,"completed"
http://xhslink.com/o/9zk0oD05bWK,1000,2000,2304,-304,2,view,6a142bd600000000380228a8,"completed"
http://xhslink.com/o/SqleYb9GLv,1000,1000,1345,-345,1,view,6a1516170000000006020d8b,"completed"
http://xhslink.com/o/7P1Fxh8qfmf,2000,2000,2124,-124,1,view,6a13c7c800000000380345a8,"completed"
http://xhslink.com/o/ANAnLnrj2Lv,4000,4000,4727,-727,1,view,6a1573e30000000007027792,"completed"
http://xhslink.com/o/8IBBuDTq5aR,4000,4000,4701,-701,1,view,6a1570f500000000370360ee,"completed"
http://xhslink.com/o/5Of3hUQAgUg,500,500,1035,-535,1,view,6a156fbb000000000702ba78,"completed"
http://xhslink.com/o/9mzOcppYTu4,1000,1000,1269,-269,1,view,6a155d9c0000000038034775,"completed"
http://xhslink.com/o/AT3yDFpQKSt,1000,1000,1412,-412,1,view,6a1578ab0000000035023d46,"completed"
http://xhslink.com/o/Ac10C6GeqIG,1000,1000,1049,-49,1,view,6746d74c0000000007032a45,"completed"
http://xhslink.com/o/8M0ApmoZixq,2000,2000,2179,-179,1,view,6a1189b00000000035033676,"completed"
http://xhslink.com/o/2EuSKG0kmGW,1000,1000,1281,-281,1,view,6a1536ab00000000360039d0,"completed"
http://xhslink.com/o/4fB1xDGfVZC,4000,4000,4752,-752,1,view,6a1562fa000000000702afb1,"completed"
http://xhslink.com/o/8pbXT2eKZL1,2000,2000,2122,-122,1,view,6a142c75000000000803f09f,"completed"
http://xhslink.com/o/93SKT4VaQnl,1000,1000,1629,-629,1,view,6a155f800000000006022841,"completed"
http://xhslink.com/o/3X5m1lpmMZn,500,500,922,-422,1,view,6a1507e7000000000702bd51,"completed"
http://xhslink.com/o/3dPptbbAABq,2000,2000,2195,-195,1,view,6a1576db000000003502c557,"completed"
http://xhslink.com/o/AAP6ZggbuLy,1500,1500,1798,-298,1,view,6a1573fb000000003601fc5e,"completed"
http://xhslink.com/o/6uC8MYzKUrQ,3000,3000,4179,-1179,1,view,6a044872000000000803d6fa,"completed"
http://xhslink.com/o/6xpEVqp4nVt,2000,2000,2227,-227,1,view,6a142cff00000000360180cc,"completed"
http://xhslink.com/o/5ZQI441tvQ7,1000,1000,1008,-8,1,view,6a0dd6fe000000003502bcf5,"completed"
http://xhslink.com/o/2bE0QiC4MJx,1000,1000,1039,-39,1,view,6a09bf4400000000350339a0,"completed"
http://xhslink.com/o/9btRzPTLJn1,2000,2000,5322,-3322,1,view,6a15639c000000003502b511,"completed"
http://xhslink.com/o/7xIsIng5cbu,1000,1000,1008,-8,1,view,6a0c03c90000000036031ac9,"completed"
http://xhslink.com/o/13NqWUfO818,6000,6000,4401,1599,1,view,6a156aac0000000008001d5e,"running"
http://xhslink.com/o/WmPZ5NoIaI,3000,8000,8722,-722,3,view,6a0d904e000000000702113e,"completed"
http://xhslink.com/o/7HYUTZP9BG3,3000,9000,14407,-5407,3,view,6a0ed6050000000008003395,"completed"
http://xhslink.com/o/3RQg64THQdb,1000,1000,1416,-416,1,view,6a0d752e0000000008024dc8,"completed"
http://xhslink.com/o/At64WpmkZnG,1000,1000,1333,-333,1,view,6a156ea700000000060323fb,"completed"
http://xhslink.com/o/1BFXYNrd0ud,2000,2000,2164,-164,1,view,6a1401db00000000350288bd,"completed"
http://xhslink.com/o/4PyW0O1zvRz,2000,4000,4201,-201,2,view,6a0d8fac00000000350223e1,"completed"
http://xhslink.com/o/5tNLabjN7TE,2000,4000,4259,-259,2,view,6a11467c000000003503b639,"completed"
http://xhslink.com/o/7C7Exavcivn,2000,4000,4079,-79,2,view,6a0c0d9c000000003502689c,"completed"
http://xhslink.com/o/4uPQtmcWkAN,3000,3000,3328,-328,1,view,6a1561a9000000003601c7d3,"completed"
http://xhslink.com/o/AkCmjq9ad5o,1000,1000,1033,-33,1,view,6a11a7a40000000035024244,"completed"
http://xhslink.com/o/ANIXHJh9P83,1000,1000,1230,-230,1,view,6a13ce8e0000000006023391,"completed"
http://xhslink.com/o/2oFyhA8CsQ4,2000,3000,3042,-42,2,view,6a102da5000000003803481c,"completed"
http://xhslink.com/o/4nTEBP60CfH,3000,3000,3312,-312,1,view,6a156a0a0000000035030039,"completed"
http://xhslink.com/o/4JxtrpDWKOU,1000,1000,1802,-802,1,view,6a1564cf000000003501f6e7,"completed"
http://xhslink.com/o/86NCVjnN2mS,2000,2000,2045,-45,1,view,6a1425540000000036002112,"completed"
http://xhslink.com/o/4ohx1qgbGas,4000,4000,4122,-122,1,view,6a1552f9000000003503328d,"completed"
http://xhslink.com/o/6ijdxIYZLnB,5000,5000,5649,-649,1,view,6a155d07000000000702dab2,"completed"
http://xhslink.com/o/2FMs1NLERyQ,1000,1000,1233,-233,1,view,6a1558c00000000038022148,"completed"
http://xhslink.com/m/8EFdTGXHrl5,2000,2000,2448,-448,1,view,6a142a570000000038036cb0,"completed"
http://xhslink.com/o/1gy8pKxj7Fo,4000,10000,15023,-5023,2,view,6a102f99000000003502dc43,"completed"
http://xhslink.com/o/AvnV9dsq9hn,3000,3000,3322,-322,1,view,6a15096700000000360193da,"completed"
http://xhslink.com/o/7tNeRkQuK7a,1500,1500,1918,-418,1,view,6a13c3e30000000036000309,"completed"
http://xhslink.com/o/3PSKlBtd0zv,5000,5000,4351,649,1,view,6a15127300000000070258f5,"running"
http://xhslink.com/o/6zCxoAt05Xy,1000,2000,4548,-2548,2,view,6a11b3b20000000006020f9f,"completed"
http://xhslink.com/o/3TKj5Ay7gbW,4000,4000,4485,-485,1,view,6a157e300000000007021f14,"completed"
http://xhslink.com/o/63l6m6K6V34,3000,3000,3432,-432,1,view,6a0fddc40000000035025d24,"completed"
http://xhslink.com/o/8YMYA8TuHNR,4000,4000,4274,-274,1,view,69fad71c0000000035021d49,"completed"
http://xhslink.com/o/3fJLqbgfjCe,1000,1000,1751,-751,1,view,6a1538b90000000038037808,"completed"
http://xhslink.com/o/2yEotVYvEjI,4000,7000,8199,-1199,2,view,6a130cf4000000003603058d,"completed"
http://xhslink.com/o/97tpYY7LOAd,3000,6000,6626,-626,2,view,6a1411e8000000003701d01f,"completed"
http://xhslink.com/o/3O9rOtH5ZuC,1000,1000,1624,-624,1,view,6a14fe2c00000000070279ee,"completed"
http://xhslink.com/o/6DnVQX6WuT8,2000,2000,2258,-258,1,view,6a0bdad2000000000702b85c,"completed"
http://xhslink.com/o/6Q5aEhZtLIr,2000,2000,3942,-1942,1,view,6a1017400000000036002551,"completed"
http://xhslink.com/o/APeNMbGpHLe,1000,1000,1870,-870,1,view,6a156041000000000803cf85,"completed"
http://xhslink.com/o/6E6MPCLZDvi,1000,1000,2116,-1116,1,view,6a157efa0000000038020dbf,"completed"
http://xhslink.com/o/3h0Zh4VsitO,3000,3000,3232,-232,1,view,6a1580d40000000006036cd0,"completed"
http://xhslink.com/o/6cO7NYEMfvR,7000,7000,4411,2589,1,view,6a1568af0000000036019881,"running"
http://xhslink.com/o/2xd2NpYBejE,1000,1000,1154,-154,1,view,6a13ff7f0000000006033fe0,"completed"
http://xhslink.com/o/9X7uAJP33X8,2000,2000,2449,-449,1,view,6a0c27c20000000007013a5a,"completed"
http://xhslink.com/o/1YGoNKbBp4z,2000,2000,2144,-144,1,view,6a13f9950000000006034443,"completed"
http://xhslink.com/o/5zaRqf8nAmP,2000,2000,2186,-186,1,view,6a143d5400000000370375d3,"completed"
http://xhslink.com/o/UB6GDBlTnM,1000,1000,1069,-69,1,view,6a12c86b000000003501fd2c,"completed"
http://xhslink.com/o/1QASEP4GfCF,1000,2000,2071,-71,2,view,6a12d1cc0000000035031a17,"completed"
http://xhslink.com/o/mH0m7FEk03,1000,1000,1929,-929,1,view,6a1563620000000038036bf0,"completed"
http://xhslink.com/o/5XC40YNTcz4,1000,1000,1085,-85,1,view,6a13cdce000000003502cdb4,"completed"
http://xhslink.com/o/6x32KoKGW2b,1000,1000,1054,-54,1,view,6a0bc3be000000003701f55d,"completed"
http://xhslink.com/o/8OznKzBZQ8g,1000,1000,1882,-882,1,view,6a155323000000003501cd03,"completed"
http://xhslink.com/o/6hqMIRAy1Tv,1000,1000,1312,-312,1,view,6a1570390000000006032d44,"completed"
http://xhslink.com/o/6XxQMFdQQ7W,1000,1000,1328,-328,1,view,6a156ebc0000000038022c3a,"completed"
http://xhslink.com/o/8GLp4mNn6Gj,500,500,537,-37,1,view,6a0ab4720000000006036c13,"completed"
http://xhslink.com/o/9lO2NlU6Jdw,500,1000,1326,-326,2,view,6a12e30b0000000006021dd0,"completed"
http://xhslink.com/o/5P1LqAckkIN,500,500,2584,-2084,1,view,6a1444eb000000003701c28c,"completed"
http://xhslink.com/o/Sl7xAYgKra,500,500,712,-212,1,view,6a1455d9000000000702e9db,"completed"
http://xhslink.com/o/7y5AYHZmySW,2000,2000,2503,-503,1,view,6a144c2a00000000360004cb,"completed"
http://xhslink.com/o/25vsNAegLWn,2000,2000,2215,-215,1,view,6a13cc3e0000000035031246,"completed"
http://xhslink.com/o/7YZjyw2UH18,2000,2000,2751,-751,1,view,6a156e600000000035026e46,"completed"
http://xhslink.com/o/8sCQCd7ht0Y,1000,1000,1232,-232,1,view,6a13c63900000000070285cb,"completed"
http://xhslink.com/o/2VjCy2ykTBB,2000,3000,3209,-209,2,view,6a12412b0000000035028e10,"completed"
http://xhslink.com/o/8BxGmqauXhL,1000,1000,2537,-1537,1,view,6a1574a80000000007022e2f,"completed"
http://xhslink.com/o/1OaqgqAB9DC,5000,5000,4244,756,1,view,6a12d3120000000006020b0d,"running"
http://xhslink.com/o/5fqRCiX1FGl,1000,1000,2534,-1534,1,view,6a157fb60000000006033ec6,"completed"
http://xhslink.com/o/9dBG50Hxvrm,1000,1000,1354,-354,1,view,6a157e9c000000003502f167,"completed"
http://xhslink.com/o/2yeMp55XV1s,2000,2000,2182,-182,1,view,6a117d210000000035028c5f,"completed"
http://xhslink.com/o/3lNq7BDSLau,2000,2000,2145,-145,1,view,6a141bb400000000360025b1,"completed"
http://xhslink.com/o/9dxz7Nxsfsl,5000,5000,4360,640,1,view,6a14f6e4000000003700cd3f,"running"
http://xhslink.com/o/AM5lcvQckcS,1000,1000,6036,-5036,1,view,6a157cc9000000003700e4f5,"completed"
http://xhslink.com/o/5IeFi9XXix,1000,1000,1124,-124,1,view,6a13ee280000000035024c4f,"completed"
http://xhslink.com/o/8wl1IgHSlKq,1000,2000,2473,-473,2,view,6a0fcc0e000000003701c5fa,"completed"
http://xhslink.com/o/6FSr45fJclB,1000,2000,2283,-283,2,view,6a0f03f5000000003601d000,"completed"
http://xhslink.com/o/pxPS9EAgKY,2000,2000,3325,-1325,1,view,6a1575920000000038035e7f,"completed"
http://xhslink.com/o/4nHYkGSIMgl,5000,5000,4325,675,1,view,6a13c6700000000038037e83,"running"
http://xhslink.com/o/4SG765IsDCv,1000,1000,1607,-607,1,view,6a140a880000000038021b37,"completed"
http://xhslink.com/o/PRoay0F7Dx,1000,1000,1364,-364,1,view,6a03f3410000000008026d94,"completed"
http://xhslink.com/o/3ns7O9fcAsW,1000,2000,2521,-521,2,view,6a128eec0000000006031485,"completed"
http://xhslink.com/o/69ZPsdfRF8n,1000,1000,1213,-213,1,view,6a14fb810000000036030fbc,"completed"
http://xhslink.com/o/5sR0RYCxXqJ,1000,2000,2200,-200,2,view,6a0fb82f0000000037034292,"completed"
http://xhslink.com/o/3sDiMSdzCUX,4000,4000,5338,-1338,1,view,6a157e41000000000802439d,"completed"
http://xhslink.com/o/3A4P461qfLT,1000,1000,1240,-240,1,view,6a15791f000000003601db3b,"completed"
http://xhslink.com/o/7BBNIbRjBox,1000,1000,1131,-131,1,view,6a1524990000000038035888,"completed"
http://xhslink.com/o/2zMZPMc4zU6,1000,2000,2282,-282,2,view,6a141ffb0000000038022396,"completed"
http://xhslink.com/o/47GQMlQZXQK,1000,1000,1917,-917,1,view,6a1575f0000000003502ffef,"completed"
http://xhslink.com/o/41hnBCQLJQn,10000,10000,4364,5636,1,view,6a0eee9e0000000008031917,"running"
http://xhslink.com/o/6GHZ42vO9l5,2000,2000,5372,-3372,1,view,6a158412000000000803d213,"completed"
http://xhslink.com/o/87EuL7GkzcE,1500,2500,3135,-635,2,view,6a113f2b0000000035028b8c,"completed"
http://xhslink.com/o/AyfW1h22SYh,1500,2500,2589,-89,2,view,6a0d7f6c000000003502b395,"completed"
http://xhslink.com/o/15AUR9uhVkp,1500,1500,1604,-104,1,view,6a0af816000000003503b09d,"completed"
http://xhslink.com/o/8nsDrur5kr2,1500,1500,1504,-4,1,view,6a0481940000000035025883,"completed"
http://xhslink.com/o/AkDaT3WnGOl,9000,9000,4362,4638,1,view,6a1573940000000035021fa6,"running"
http://xhslink.com/o/5C0TM4iEEad,1000,1000,1313,-313,1,view,6a15883e0000000036031713,"completed"
http://xhslink.com/o/59TGJXHpPO,1000,1000,1324,-324,1,view,6a155e89000000003701cab5,"completed"
http://xhslink.com/o/9hsvsONbBa3,2000,2000,2000,0,1,view,6a157f3f000000003502520e,"refund_requested"
http://xhslink.com/o/4V3bDdHfJAX,1000,1000,1285,-285,1,view,6a15365d0000000006021800,"completed"
http://xhslink.com/o/A4tQgk0PZfY,1000,1000,1225,-225,1,view,6a113a510000000008026054,"completed"
http://xhslink.com/o/vcsllYrqQg,1000,2000,2266,-266,2,view,6a10229f000000000702d92f,"completed"
http://xhslink.com/o/4ONcywbyNeA,2000,2000,2605,-605,1,view,6a15449b0000000006030130,"completed"
http://xhslink.com/o/4w2CSIglDVD,2000,2000,2881,-881,1,view,6a158f630000000035026e1b,"completed"
http://xhslink.com/o/AY8Di4vhrA,1000,1000,3324,-2324,1,view,6a1549d30000000035029e03,"completed"
http://xhslink.com/o/3CU124TbAnU,500,1000,1335,-335,2,view,6a101cfc000000000702f6e0,"completed"
http://xhslink.com/o/93elLFuKCYB,2000,1000,1097,-97,1,view,6a12ced80000000008002b75,"completed"
http://xhslink.com/o/5tx0BuANQUL,1000,1000,1006,-6,1,view,6a0a8c10000000000803d36c,"completed"
http://xhslink.com/o/2iso2erfViZ,1000,1000,1008,-8,1,view,6a154efa000000003502d2e1,"completed"
http://xhslink.com/o/26ANrPKf9uZ,1000,1000,1146,-146,1,view,6a14638f0000000035038bf8,"completed"
http://xhslink.com/o/YHoZzNM9Z1,1000,1000,1153,-153,1,view,6a1406c600000000350258b5,"completed"
http://xhslink.com/o/1M5cZJYvdtE,1000,1000,1893,-893,1,view,6a1568600000000008024daf,"completed"
http://xhslink.com/o/5SlDdO5O0S5,1000,1000,1264,-264,1,view,6a0ad5ae00000000070117b3,"completed"
http://xhslink.com/o/6lo46kN22Ix,1000,1000,2288,-1288,1,view,6a154b770000000036032926,"completed"
http://xhslink.com/o/7p5t7vGUEDr,500,500,856,-356,1,view,6a1559a70000000038037022,"completed"
http://xhslink.com/o/2PgjKYvU9hA,2000,2000,2324,-324,1,view,6a1447c90000000038020cbf,"completed"
http://xhslink.com/o/2G5D7zeyrxl,1000,1000,1299,-299,1,view,6a158419000000003503b86c,"completed"
http://xhslink.com/o/1Zr8EHna9FV,1000,1000,1382,-382,1,view,6a158b9e0000000007027277,"completed"
http://xhslink.com/o/2x8aFFgyRZG,1000,1000,1277,-277,1,view,6a155d270000000007011a0b,"completed"
http://xhslink.com/o/6IkZxtiN9B1,3000,3000,6770,-3770,1,view,6a15889f0000000036001532,"completed"
http://xhslink.com/o/pd9w1otHAH,2000,2000,2036,-36,1,view,6a0b03480000000008032e1a,"completed"
http://xhslink.com/o/6JGFc3uNwfu,4000,4000,5302,-1302,1,view,6a1585620000000036018540,"completed"
http://xhslink.com/o/7mbsTyYTUi6,4000,4000,4235,-235,1,view,6a13e464000000003803527c,"completed"
http://xhslink.com/o/2ZzNCkCmhkf,3000,3000,3183,-183,1,view,6a15968f0000000035030572,"completed"
http://xhslink.com/o/5Z8BQpgP7s9,1000,1000,1667,-667,1,view,69f05518000000002202ade8,"completed"
http://xhslink.com/o/2IG7TmWzqob,1000,1000,1289,-289,1,view,6a154ea30000000006035aac,"completed"
http://xhslink.com/o/3W60AEPLarz,5000,5000,7869,-2869,1,view,6a14474b0000000007011b40,"completed"
http://xhslink.com/o/2iJkOmURrR,2000,2000,2062,-62,1,view,6a0d622f0000000035027813,"completed"
http://xhslink.com/o/9e8miCNWBNg,2000,2000,2057,-57,1,view,6a0d27b2000000003502d8de,"completed"
http://xhslink.com/o/8z1iRuQWAfx,2000,2000,7687,-5687,1,view,6a0d6593000000003502eaab,"completed"
http://xhslink.com/o/6GDUgOoHf2w,2000,2000,2015,-15,1,view,6a0da1f1000000000702e148,"completed"
http://xhslink.com/o/4jLFLcOlOMT,2000,2000,2017,-17,1,view,6a0bdc03000000000702d21c,"completed"
http://xhslink.com/o/4XkWgQz5i24,1000,1000,2436,-1436,1,view,6a1597600000000036002b64,"completed"
http://xhslink.com/o/4MQuSTQ3Yf0,2000,2000,2492,-492,1,view,6a158d890000000007027c79,"completed"
http://xhslink.com/o/8yW61Jtyfzv,1000,1000,1146,-146,1,view,6a12ceaf00000000370364c8,"completed"
http://xhslink.com/o/19zPUO2NqUs,500,500,965,-465,1,view,6a15408b000000000803215f,"completed"
http://xhslink.com/o/75rQbiOfpqQ,1000,1000,1491,-491,1,view,6a140df00000000038022fd2,"completed"
http://xhslink.com/o/554SLuCOxMw,1000,1000,1314,-314,1,view,6a1568530000000007011a13,"completed"
http://xhslink.com/o/4dyXNN0N5Er,1000,1000,1192,-192,1,view,6a156a070000000006037138,"completed"
http://xhslink.com/o/8dDwdbk9BUU,5000,5000,5734,-734,1,view,6a15429800000000360336ff,"completed"
http://xhslink.com/o/6ima5wV6ZI0,3000,3000,3784,-784,1,view,6a15880100000000350242cf,"completed"
http://xhslink.com/o/3ihuKRuwhL5,3000,3000,3471,-471,1,view,6a13b93a000000000702d20f,"completed"
http://xhslink.com/o/6PFmBBuQ1ho,3000,3000,3475,-475,1,view,6a1547d2000000003700e62f,"completed"
http://xhslink.com/o/1b9Pr4s5mGi,2000,2000,2455,-455,1,view,6a1588ba000000003601983e,"completed"
http://xhslink.com/o/6e321HB0Rfe,1000,1000,1291,-291,1,view,6a15982d000000003601b386,"completed"
http://xhslink.com/o/3wsTmOxa92b,2000,2000,3239,-1239,1,view,6a154eda0000000006033581,"completed"
http://xhslink.com/o/3Agawce9CgE,1000,1000,1319,-319,1,view,6a1578260000000036003881,"completed"
http://xhslink.com/o/9dcEkY2BQPV,500,500,774,-274,1,view,6a1583d10000000036003a2d,"completed"
http://xhslink.com/o/63EGFANHfgp,1000,4000,4630,-630,3,view,6a1023600000000007011453,"completed"
http://xhslink.com/o/A0PvNKgDKz3,3000,5000,5653,-653,2,view,6a13b1ff0000000008030c48,"completed"
http://xhslink.com/o/6DL8pSxIdgz,1000,1000,1004,-4,1,view,6a0495eb0000000008032bb8,"completed"
http://xhslink.com/o/7p7zVAOYazH,500,500,834,-334,1,view,6a1595a80000000036002173,"completed"
http://xhslink.com/o/4EwOTIzz0Es,1000,1000,1314,-314,1,view,6a1579c10000000035031f92,"completed"
http://xhslink.com/o/77zYciHExA,1000,1000,1237,-237,1,view,6a155fa80000000007029d24,"completed"
http://xhslink.com/o/AlBqXHrJkzz,3000,3000,3330,-330,1,view,6a157717000000003700c46e,"completed"
http://xhslink.com/o/ANPBSJ4XXDJ,1000,1000,1118,-118,1,view,6a15337b000000003701da8d,"completed"
http://xhslink.com/o/tWp5ojsa9N,3000,3000,3561,-561,1,view,6a1581430000000007027d15,"completed"
http://xhslink.com/o/32t2y81LJa9,2000,2000,2587,-587,1,view,6a15686c0000000036031822,"completed"
http://xhslink.com/o/At6ejVorXEt,2000,2000,2568,-568,1,view,6a156a3d00000000380357e5,"completed"
http://xhslink.com/o/5M8dJtPiK4U,5000,5000,5104,-104,1,view,6a1517ee000000000803303b,"completed"
http://xhslink.com/o/1d4POmIfmF,5000,5000,8101,-3101,1,view,6a1548a6000000000702f0f0,"completed"
http://xhslink.com/o/1HF80y9RZBz,3000,3000,3413,-413,1,view,6a15486c000000003501d0d0,"completed"
http://xhslink.com/o/99ZOUKSinao,2000,2000,2784,-784,1,view,6a158d4f0000000006030465,"completed"
http://xhslink.com/o/2p5bmZMQxVB,4000,4000,5175,-1175,1,view,6a158b87000000003601a849,"completed"
http://xhslink.com/o/1msT0pI0j81,1000,1000,1223,-223,1,view,6a101144000000000803052b,"completed"
http://xhslink.com/o/6PR2dNVZIyL,1500,1500,1519,-19,1,view,6a10361e0000000006034c51,"completed"
http://xhslink.com/o/2hjjTJSZ7i2,1500,1500,1549,-49,1,view,6a1406910000000007025a9a,"completed"
http://xhslink.com/o/2lc1b4KejL,1000,1000,1377,-377,1,view,6a154f4a000000000702d2e0,"completed"
http://xhslink.com/o/9a3nm55RGQs,2000,1000,1381,-381,1,view,6a158baf000000003601c55c,"completed"
http://xhslink.com/o/1PJWYnIEFN9,1000,1000,1093,-93,1,view,6a1544ce0000000038022f82,"completed"
http://xhslink.com/o/pElbjVxsEO,1000,1000,1475,-475,1,view,6a159e7900000000360318c6,"completed"
http://xhslink.com/o/7VGedD019dF,2000,2000,2530,-530,1,view,6a155c120000000008032e5f,"completed"
http://xhslink.com/o/LZNSENjV5A,2000,4000,5177,-1177,2,view,6a0ef69c00000000060373ec,"completed"
http://xhslink.com/o/7JJ5tST3LHY,1000,1000,1458,-458,1,view,6a1593080000000038020219,"completed"
http://xhslink.com/o/6rLQ5qZRshQ,1000,1000,1286,-286,1,view,6a150afa000000003701cef9,"completed"
http://xhslink.com/o/9g8w5Hnj3uC,1000,1000,1170,-170,1,view,6a141b0f0000000036031901,"completed"
http://xhslink.com/o/3Yynd0AakVa,2000,2000,3131,-1131,1,view,6a155d8900000000070291c5,"completed"
http://xhslink.com/o/5DpMbLugTqQ,2000,1000,2524,-1524,1,view,6a1557070000000036002c54,"completed"
http://xhslink.com/o/hwnINpQwpA,1000,1000,1042,-42,1,view,69ef1780000000001f000bbe,"completed"
http://xhslink.com/o/wBRPydIxz5,8000,8000,4280,3720,1,view,6a1418cb0000000036030a1b,"running"
http://xhslink.com/o/8wsh6k8SXvt,1000,1000,1641,-641,1,view,6a15671e000000000702d39e,"completed"
http://xhslink.com/o/1zqqkjQbvbm,1000,1000,2333,-1333,1,view,6a13f29000000000080332d0,"completed"
http://xhslink.com/o/2J4MH22FExr,1000,1000,1299,-299,1,view,6a13c7720000000007028ba3,"completed"
http://xhslink.com/o/25jyVcFqyjY,1000,1000,1232,-232,1,view,6a145aa5000000000702c2dd,"completed"
http://xhslink.com/o/7kwXcz26fNk,2000,2000,2470,-470,1,view,6a15753100000000070298cf,"completed"
http://xhslink.com/o/6HlHoDo1Xkj,500,500,2330,-1830,1,view,6a154348000000000702d5be,"completed"
http://xhslink.com/o/AVBkeG7yo8g,500,500,2123,-1623,1,view,6a13ffb1000000000803ff28,"completed"
http://xhslink.com/o/2Xcwa5R1P3x,1000,1000,1250,-250,1,view,6a1556b700000000080311a9,"completed"
http://xhslink.com/o/3QIUfjmESH9,500,500,806,-306,1,view,6a156b02000000003501de79,"completed"
http://xhslink.com/o/1Q49ohYn04y,500,500,540,-40,1,view,6a0e842a0000000035021ec3,"completed"
http://xhslink.com/o/8FpvF3Omxe3,500,500,540,-40,1,view,6a016824000000000702e3cf,"completed"
http://xhslink.com/o/98e9xU5vjRp,500,500,1339,-839,1,view,6a1598a600000000350311d7,"completed"
http://xhslink.com/o/5VRTma2TY9n,1000,2000,2389,-389,2,view,6a140d5800000000370353ac,"completed"
http://xhslink.com/o/Awccn0rcdjX,1000,1000,1354,-354,1,view,6a158c5d0000000006021a66,"completed"
http://xhslink.com/o/9CR9GH5xi1O,1000,1000,1171,-171,1,view,6a158d9e0000000035023385,"completed"
http://xhslink.com/o/9PXknv14qTa,1000,1000,2535,-1535,1,view,6a1502750000000006022eb1,"completed"
http://xhslink.com/o/2j1bPehnDZV,1000,1000,1375,-375,1,view,6a15956c0000000008027aa5,"completed"
http://xhslink.com/o/AQ9p6VZkMyD,1000,1000,1261,-261,1,view,6a1548a0000000003502eeb5,"completed"
http://xhslink.com/o/TrWTaDDisK,1000,1000,1336,-336,1,view,6a1546a10000000035027fe1,"completed"
http://xhslink.com/o/9tSl1TpJTmf,1000,1000,1324,-324,1,view,6a154707000000000803cbf0,"completed"
http://xhslink.com/o/27igF1qBL0B,1000,1000,1227,-227,1,view,6a1546780000000008025705,"completed"
http://xhslink.com/o/5IecqqUQIvh,1000,2000,2607,-607,2,view,6a1452860000000036002b95,"completed"
http://xhslink.com/o/1QKq6KHyHpV,1000,1000,1620,-620,1,view,6a15a3170000000036003048,"completed"
http://xhslink.com/o/8CqRJ9CkrNE,2000,2000,2983,-983,1,view,6a1428ba00000000070208e2,"completed"
http://xhslink.com/o/8lSZ66GPQxj,1000,1000,1060,-60,1,view,6a0fc8ea00000000360306b0,"completed"
http://xhslink.com/o/8fhcUS7JgxH,500,500,530,-30,1,view,6a0ffc24000000003701c175,"completed"
http://xhslink.com/o/8Eabw0dwSm0,3000,3000,3027,-27,1,view,6a0dbd3e0000000038020e4d,"completed"
http://xhslink.com/o/7LdQvXFa28W,1000,2000,2431,-431,2,view,6a1417880000000035032d80,"completed"
http://xhslink.com/o/AZwnnf4PkG8,1000,1000,1112,-112,1,view,6a0af9c2000000003601ee4a,"completed"
http://xhslink.com/o/745lZ284QLU,1000,1000,1469,-469,1,view,6a15a5990000000036003f07,"completed"
http://xhslink.com/o/2UwScHpEIS0,1000,1000,1206,-206,1,view,6a1547640000000006022a2f,"completed"
http://xhslink.com/o/AAzh4PmRKIP,2000,2000,3000,-1000,1,view,6a150167000000000702ea87,"completed"
http://xhslink.com/o/2myhYIqKOAr,3000,3000,3540,-540,1,view,6a156404000000003503193e,"completed"
http://xhslink.com/o/67VPkIBt0aw,2000,2000,2345,-345,1,view,6a15a0d7000000003703782f,"completed"
http://xhslink.com/o/3m2bJuwgIlw,1000,2000,2307,-307,2,view,6a0eed12000000003802132a,"completed"
http://xhslink.com/o/7JYPT2QKqqL,1000,1000,1415,-415,1,view,6a158a350000000038035544,"completed"
http://xhslink.com/o/4Pl4wecTynx,1000,1000,1102,-102,1,view,6a0fd610000000000702831e,"completed"
http://xhslink.com/o/AYW8tJNkjVV,1000,1000,2735,-1735,1,view,6a1553d60000000006037596,"completed"
http://xhslink.com/o/1Ag63r0YFcP,1000,1000,1104,-104,1,view,6a0ee78d0000000007027d85,"completed"
http://xhslink.com/o/ogXDokXCcr,1000,1000,1273,-273,1,view,6a1577e0000000000702f1a3,"completed"
http://xhslink.com/o/8EnJohUajLm,1000,2000,3294,-1294,2,view,6a0ee5ba0000000007011395,"completed"
http://xhslink.com/o/1PxDxwo38VT,1000,1000,2210,-1210,1,view,6a0f024b0000000007024ab3,"completed"
http://xhslink.com/o/4WkcKycE9zk,1000,1000,2024,-1024,1,view,6a141e1600000000380217ad,"completed"
http://xhslink.com/o/AU4f9gzlZzj,1000,1000,1129,-129,1,view,6a14faa1000000000702cd6a,"completed"
http://xhslink.com/o/4B3APMpC21I,1000,1000,1351,-351,1,view,6a1551c70000000035028b3d,"completed"
http://xhslink.com/o/8TGkynGJMb6,2000,2000,2442,-442,1,view,6a145b84000000003603184f,"completed"
http://xhslink.com/o/5Rlqf59zyGb,5000,5000,6693,-1693,1,view,6a14fa8e0000000036000cd1,"completed"
http://xhslink.com/o/AyleVZiXrAN,2000,2000,2597,-597,1,view,6a158c2e000000003601c86a,"completed"
http://xhslink.com/o/7sURQg0gXNZ,1000,1000,1726,-726,1,view,6a1570130000000006032c84,"completed"
http://xhslink.com/o/AyQMoVISlf7,5000,5000,4102,898,1,view,6a156d60000000000702f744,"running"
http://xhslink.com/o/3Rv6fSI0Dn8,2000,9000,9485,-485,3,view,6a0f1bb1000000003601b549,"completed"
http://xhslink.com/o/5RFB2f375bn,2000,2000,2109,-109,1,view,6a14371c0000000035032b01,"completed"
http://xhslink.com/o/DaBXLBlFQo,3000,3000,3531,-531,1,view,6a15a8cf0000000007023ac9,"completed"
http://xhslink.com/o/3gpv31SvDg8,5000,5000,4366,634,1,view,6a0ef1ad00000000080008d4,"running"
http://xhslink.com/o/5iN8svs6Oaq,1000,1000,1558,-558,1,view,6a150cad0000000008033a07,"completed"
http://xhslink.com/o/DNOrLE4gtN,500,500,528,-28,1,view,69ecb7f6000000001b0204da,"completed"
http://xhslink.com/o/41BZv9NqBk8,500,500,710,-210,1,view,69ef476600000000360019ca,"completed"
http://xhslink.com/o/1vucsoc5O8e,500,1000,1381,-381,2,view,6a1196860000000008025e33,"completed"
http://xhslink.com/o/4SdEJGNCNxu,2000,2000,2083,-83,1,view,69e44f0a000000001a0279dd,"completed"
http://xhslink.com/o/29Bg6uHsS7C,2000,2000,2613,-613,1,view,6a1587cd00000000360010a4,"completed"
http://xhslink.com/o/8sVRbOANwF2,2000,6000,6385,-385,2,view,6a0c1c8d000000003502e125,"completed"
http://xhslink.com/o/86GfCszAxhA,1000,1000,1564,-564,1,view,6a15a9fe000000003700ec8f,"completed"
http://xhslink.com/o/4BONrwpoZlO,500,0,0,0,0,,6a15a6d1000000003701fc3a,"解析到笔记但无下单记录"
http://xhslink.com/o/2nBdZcwYrt1,1000,0,0,0,0,,6a159864000000003601b4c8,"解析到笔记但无下单记录"
http://xhslink.com/o/7RcSvMVk9aX,1000,0,0,0,0,,6a13fe480000000035031453,"解析到笔记但无下单记录"
http://xhslink.com/o/5kxYGr5MEKX,1000,0,0,0,0,,6a13ed74000000003503977a,"解析到笔记但无下单记录"
http://xhslink.com/o/AJoxtEXaKT,4000,0,0,0,0,,,"未找到（链接未入库/无效）"
http://xhslink.com/o/35AjMJpqPTn,1000,1000,1753,-753,1,view,6a1568ef000000003502ef92,"completed"
http://xhslink.com/o/7xFBJ445RZP,500,0,0,0,0,,6a1576e9000000003502c5af,"解析到笔记但无下单记录"
http://xhslink.com/o/W1JMTn7LC7,300,0,0,0,0,,6a134c0a0000000006036912,"解析到笔记但无下单记录"
https://www.xiaohongshu.com/disc1,2000,0,0,0,0,,,"未找到（链接未入库/无效）"
https://www.xiaohongshu.com/disc2,2000,0,0,0,0,,,"未找到（链接未入库/无效）"
http://xhslink.com/o/38sbemXLLIL,500,0,0,0,0,,6a1312b200000000350315ac,"解析到笔记但无下单记录"
http://xhslink.com/o/2wbTsuaFto6,500,0,0,0,0,,6a13f3b20000000008001094,"解析到笔记但无下单记录"
http://xhslink.com/o/6JWr4XR1zol,500,500,580,-80,1,view,6a124ed2000000003601ebac,"completed"
http://xhslink.com/o/3KAlJvW0Xis,500,0,0,0,0,,6a0c48f20000000035024ec9,"解析到笔记但无下单记录"
http://xhslink.com/o/4paoNlN1jie,500,0,0,0,0,,6a0d1a010000000035026af0,"解析到笔记但无下单记录"
http://xhslink.com/o/7vyRC5dTW8b,500,0,0,0,0,,6a1658ea000000003502e7cc,"解析到笔记但无下单记录"
http://xhslink.com/o/4oKwo4FjS5S,500,0,0,0,0,,6a15a1e90000000007010b8b,"解析到笔记但无下单记录"
http://xhslink.com/o/9wnHdQoAVLA,500,500,1136,-636,1,view,6a0e8a7300000000060341f9,"completed"
http://xhslink.com/o/6mC1lucKnA1,1000,0,0,0,0,,6a1447f3000000003503ad35,"解析到笔记但无下单记录"
http://xhslink.com/o/1hyZGW5x2JW,10000,0,0,0,0,,6a0b446d000000003501fe7a,"解析到笔记但无下单记录"
http://xhslink.com/o/9d9VGhPH02j,1000,0,0,0,0,,6a146964000000000702bb0f,"解析到笔记但无下单记录"
http://xhslink.com/o/3hc0hdm57ub,1000,0,0,0,0,,6a145ac9000000000702c394,"解析到笔记但无下单记录"
http://xhslink.com/o/1uKqMqLDIMv,1000,0,0,0,0,,6a1580db0000000035025afc,"解析到笔记但无下单记录"
http://xhslink.com/o/39oCyAc8E1V,2000,0,0,0,0,,6a166c0b0000000036003f16,"解析到笔记但无下单记录"
http://xhslink.com/o/8fTac3BC2Ck,1000,0,0,0,0,,6a146c78000000003502c8aa,"解析到笔记但无下单记录"
http://xhslink.com/o/900c0DdG8WS,1000,0,0,0,0,,6a14495c000000003503b5b8,"解析到笔记但无下单记录"
http://xhslink.com/o/1z1HT3YZdbG,3000,0,0,0,0,,6a158b360000000036002413,"解析到笔记但无下单记录"
http://xhslink.com/o/65cVUhu18dK,3000,0,0,0,0,,6a157701000000003700c3e1,"解析到笔记但无下单记录"
http://xhslink.com/o/94FEiN0R4a1,4000,0,0,0,0,,6a1570d800000000080000eb,"解析到笔记但无下单记录"
http://xhslink.com/o/4FdZN43mVCf,4000,0,0,0,0,,6a153c1800000000080263a2,"解析到笔记但无下单记录"
http://xhslink.com/o/QNtCUOXbVz,6000,7000,7610,-610,1,view,6a13e903000000000803cde0,"completed"
http://xhslink.com/o/1wKNoEfprZ2,1000,0,0,0,0,,6a13f94b000000000702082f,"解析到笔记但无下单记录"
http://xhslink.com/o/7k9xpMyLre,5000,0,0,0,0,,6a057218000000003601d6c9,"解析到笔记但无下单记录"
http://xhslink.com/o/kwh2qoeUfl,3000,0,0,0,0,,6a1574020000000008033524,"解析到笔记但无下单记录"
http://xhslink.com/o/8K4euuUXG9N,1000,0,0,0,0,,6a166efd0000000035027f64,"解析到笔记但无下单记录"
http://xhslink.com/o/7EO9UnUhDlf,1000,0,0,0,0,,6a166464000000003603183d,"解析到笔记但无下单记录"
http://xhslink.com/o/usqN1RWo2r,2000,0,0,0,0,,69cb4bb9000000001a028d0b,"解析到笔记但无下单记录"
http://xhslink.com/o/8nb4nrA8T75,3000,0,0,0,0,,69c8ac4e000000002102c753,"解析到笔记但无下单记录"
http://xhslink.com/o/1dqnkfgQSIU,3000,0,0,0,0,,69c8a9cb000000001f0066b2,"解析到笔记但无下单记录"
http://xhslink.com/o/AZinqqPyyc1,3000,2000,2316,-316,1,view,6a0ec976000000003802350f,"completed"
http://xhslink.com/m/CcA90IWnLW,1000,0,0,0,0,,6a154efc0000000035031c42,"解析到笔记但无下单记录"
http://xhslink.com/o/9nn07nDmybX,2000,2000,2471,-471,1,view,6a0ec3d20000000006035c2a,"completed"
http://xhslink.com/o/9QXy5gYXt5d,4000,0,0,0,0,,6a0ec5cf0000000007023403,"解析到笔记但无下单记录"
http://xhslink.com/o/9LNJu3l3lzr,1000,0,0,0,0,,6a1555f0000000000602352a,"解析到笔记但无下单记录"
http://xhslink.com/o/21UWBPCCaFW,2000,2000,2732,-732,1,view,6a1040e80000000008026be5,"completed"
http://xhslink.com/o/17g7Xui5TpD,1000,0,0,0,0,,6a15377c000000000803ffbe,"解析到笔记但无下单记录"
http://xhslink.com/m/8s6Obbgfm1R,500,500,0,500,1,view,6a13f13f0000000008024559,"running"
http://xhslink.com/o/1mo2z4sXdso,2000,0,0,0,0,,,"未找到（链接未入库/无效）"
http://xhslink.com/o/57Gz43MigOE,2000,0,0,0,0,,,"未找到（链接未入库/无效）"
http://xhslink.com/o/2IJiw0VtZed,1000,0,0,0,0,,,"未找到（链接未入库/无效）"
http://xhslink.com/o/2jdTwRHxpFq,2000,0,0,0,0,,,"未找到（链接未入库/无效）"
http://xhslink.com/o/gOR8WyTG81,500,0,0,0,0,,,"未找到（链接未入库/无效）"
http://xhslink.com/o/3EfFpKLTInr,1000,0,0,0,0,,,"未找到（链接未入库/无效）"
http://xhslink.com/o/58Mwe4QEpyF,500,0,0,0,0,,,"未找到（链接未入库/无效）"
http://xhslink.com/o/1vtEOI3lCgq,500,0,0,0,0,,,"未找到（链接未入库/无效）"
http://xhslink.com/o/3gkhvk0hRz4,500,0,0,0,0,,,"未找到（链接未入库/无效）"
http://xhslink.com/o/2i000Wl6lmR,2000,0,0,0,0,,,"未找到（链接未入库/无效）"
http://xhslink.com/o/7Cdx1DCXri9,1000,0,0,0,0,,,"未找到（链接未入库/无效）"
http://xhslink.com/o/AFIZgfSCk2J,4000,0,0,0,0,,,"未找到（链接未入库/无效）"
http://xhslink.com/o/8V2J34ESDAl,1000,0,0,0,0,,,"未找到（链接未入库/无效）"
http://xhslink.com/o/5aubNYk5nX1,5000,0,0,0,0,,,"未找到（链接未入库/无效）"
http://xhslink.com/o/7j1Rf7E12Zz,1000,1000,1107,-107,1,view,6a0fd8e600000000380208fb,"completed"
http://xhslink.com/o/4C5SF4wvluL,1900,0,0,0,0,,,"未找到（链接未入库/无效）"
http://xhslink.com/o/1cDv7AzIH94,1800,0,0,0,0,,,"未找到（链接未入库/无效）"
http://xhslink.com/o/5OYVPHCqjvw,1800,0,0,0,0,,,"未找到（链接未入库/无效）"
http://xhslink.com/o/9CGTvpjBYmA,1800,0,0,0,0,,,"未找到（链接未入库/无效）"
http://xhslink.com/o/9zFKc1IzaC0,3000,0,0,0,0,,,"未找到（链接未入库/无效）"
http://xhslink.com/o/AVZQg462YGE,3000,0,0,0,0,,,"未找到（链接未入库/无效）"
http://xhslink.com/o/1BHI0waxdw7,3000,0,0,0,0,,,"未找到（链接未入库/无效）"
http://xhslink.com/o/A1HR2NYMZXK,3000,0,0,0,0,,,"未找到（链接未入库/无效）"
http://xhslink.com/o/9X32I1V1zRk,3000,0,0,0,0,,,"未找到（链接未入库/无效）"
http://xhslink.com/o/3hUVA70n4G1,3000,0,0,0,0,,,"未找到（链接未入库/无效）"
http://xhslink.com/o/5dPO6jzf39f,3000,0,0,0,0,,,"未找到（链接未入库/无效）"
http://xhslink.com/o/5OjgaXWOVlw,3000,0,0,0,0,,,"未找到（链接未入库/无效）"
http://xhslink.com/o/36Y5FVR7Jkd,2000,0,0,0,0,,,"未找到（链接未入库/无效）"
http://xhslink.com/o/7mdTmWej25e,1000,0,0,0,0,,,"未找到（链接未入库/无效）"
http://xhslink.com/o/6HSNq4UlWoa,2000,0,0,0,0,,,"未找到（链接未入库/无效）"
http://xhslink.com/o/4wyaBEv6Rws,1000,0,0,0,0,,,"未找到（链接未入库/无效）"
http://xhslink.com/o/8x3WudmbxZE,1000,0,0,0,0,,,"未找到（链接未入库/无效）"
http://xhslink.com/o/1ioYJ4RU2A5,1000,0,0,0,0,,,"未找到（链接未入库/无效）"
http://xhslink.com/o/AsxB54gMvjn,1000,0,0,0,0,,,"未找到（链接未入库/无效）"
http://xhslink.com/o/EAQlBUVwX9,1000,0,0,0,0,,,"未找到（链接未入库/无效）"
http://xhslink.com/o/rNUW2ITJeP,8000,0,0,0,0,,,"未找到（链接未入库/无效）"
http://xhslink.com/o/97LFlMHknZ,10000,0,0,0,0,,,"未找到（链接未入库/无效）"
http://xhslink.com/o/1KVAnOkUAff,1000,0,0,0,0,,,"未找到（链接未入库/无效）"
http://xhslink.com/o/AWeMMiSTxgI,1000,0,0,0,0,,,"未找到（链接未入库/无效）"
http://xhslink.com/o/2aM7htNc2FX,1000,0,0,0,0,,,"未找到（链接未入库/无效）"
http://xhslink.com/o/2wVZFGoMomA,1000,0,0,0,0,,,"未找到（链接未入库/无效）"
http://xhslink.com/o/9UJYtLD9vij,1000,0,0,0,0,,,"未找到（链接未入库/无效）"
http://xhslink.com/o/2BLZ6yxi0sh,3000,0,0,0,0,,,"未找到（链接未入库/无效）"
http://xhslink.com/o/1IsvNnVzww7,1000,0,0,0,0,,,"未找到（链接未入库/无效）"
http://xhslink.com/o/5rMmyqLMxvo,3000,0,0,0,0,,,"未找到（链接未入库/无效）"
http://xhslink.com/o/8bbgfKqFM3U,10000,0,0,0,0,,,"未找到（链接未入库/无效）"
http://xhslink.com/o/3QbA8B6DITT,2000,0,0,0,0,,,"未找到（链接未入库/无效）"
http://xhslink.com/m/9GdU4IpgnSp,5000,0,0,0,0,,,"未找到（链接未入库/无效）"
http://xhslink.com/o/RYwqcvz6p7,3000,0,0,0,0,,,"未找到（链接未入库/无效）"
http://xhslink.com/o/LSyGH0nzTy,1000,0,0,0,0,,,"未找到（链接未入库/无效）"
http://xhslink.com/o/651OiZy5B3P,1000,0,0,0,0,,,"未找到（链接未入库/无效）"
http://xhslink.com/m/4zYS2kUB9gX,1000,0,0,0,0,,,"未找到（链接未入库/无效）"
http://xhslink.com/o/4b5haeAen4z,2000,0,0,0,0,,,"未找到（链接未入库/无效）"
http://xhslink.com/o/6lROOgpweH7,2000,0,0,0,0,,,"未找到（链接未入库/无效）"
http://xhslink.com/o/2ACt8UKSkqs,1000,0,0,0,0,,,"未找到（链接未入库/无效）"
http://xhslink.com/o/9rH0Iaj3hBZ,2000,0,0,0,0,,,"未找到（链接未入库/无效）"
http://xhslink.com/o/ADPmMDugom9,3000,0,0,0,0,,,"未找到（链接未入库/无效）"
http://xhslink.com/o/52FQA6zLAFU,3000,3000,3821,-821,1,view,6a12e3100000000036001ace,"completed"
http://xhslink.com/o/7qld07Hey96,2000,0,0,0,0,,,"未找到（链接未入库/无效）"
http://xhslink.com/o/4E18UZIjk6I,3000,0,0,0,0,,,"未找到（链接未入库/无效）"
http://xhslink.com/o/1IKrlfxT2Um,1000,0,0,0,0,,,"未找到（链接未入库/无效）"
http://xhslink.com/o/4p3WUYkqOle,2000,0,0,0,0,,,"未找到（链接未入库/无效）"
http://xhslink.com/o/8zJn1K3RCQs,1000,0,0,0,0,,,"未找到（链接未入库/无效）"
http://xhslink.com/o/1w34xSTcmbP,4000,0,0,0,0,,,"未找到（链接未入库/无效）"
http://xhslink.com/o/3fXYvZuYgcQ,4000,0,0,0,0,,,"未找到（链接未入库/无效）"
http://xhslink.com/o/9A0cuPJpCHH,1000,0,0,0,0,,,"未找到（链接未入库/无效）"
http://xhslink.com/o/11wu3Geegtl,1000,0,0,0,0,,,"未找到（链接未入库/无效）"
http://xhslink.com/o/5EyYZD7qBEc,1000,0,0,0,0,,,"未找到（链接未入库/无效）"
http://xhslink.com/o/AdK5NadMwxW,2000,0,0,0,0,,,"未找到（链接未入库/无效）"
http://xhslink.com/o/5GBZPi9qCiX,1000,0,0,0,0,,,"未找到（链接未入库/无效）"
http://xhslink.com/o/8IVkRCpmifA,5000,0,0,0,0,,,"未找到（链接未入库/无效）"
http://xhslink.com/o/9n7vW0AQm8l,1000,0,0,0,0,,,"未找到（链接未入库/无效）"
http://xhslink.com/o/7Ep2CgGLTX6,1000,0,0,0,0,,,"未找到（链接未入库/无效）"
http://xhslink.com/o/AYQuvJtiIzR,1000,0,0,0,0,,,"未找到（链接未入库/无效）"
http://xhslink.com/o/6JfqxNlJQPE,1000,0,0,0,0,,,"未找到（链接未入库/无效）"
http://xhslink.com/o/8qCiO5A9CZq,500,0,0,0,0,,,"未找到（链接未入库/无效）"
http://xhslink.com/o/4fculzzXSxI,500,0,0,0,0,,,"未找到（链接未入库/无效）"
http://xhslink.com/o/5leZ5Z0WAKj,1000,1000,1017,-17,1,view,6a058d9d00000000070101e7,"completed"
http://xhslink.com/o/29NrtghUebW,1000,0,0,0,0,,,"未找到（链接未入库/无效）"
http://xhslink.com/o/65q7XFiybxj,3000,0,0,0,0,,,"未找到（链接未入库/无效）"
http://xhslink.com/o/aCGcvWX2lR,4000,0,0,0,0,,,"未找到（链接未入库/无效）"
http://xhslink.com/o/3vvWKGtA3DZ,4000,0,0,0,0,,,"未找到（链接未入库/无效）"
http://xhslink.com/o/Ani9QvDE99j,2000,0,0,0,0,,,"未找到（链接未入库/无效）"
http://xhslink.com/o/AgyseOiuNIO,2000,0,0,0,0,,,"未找到（链接未入库/无效）"
http://xhslink.com/o/5Vs0aO5x2Au,3000,0,0,0,0,,,"未找到（链接未入库/无效）"
http://xhslink.com/o/9z8OQVuuonN,3000,0,0,0,0,,,"未找到（链接未入库/无效）"
http://xhslink.com/o/7V0pBsLeG4p,3000,0,0,0,0,,,"未找到（链接未入库/无效）"
http://xhslink.com/o/A2R2CZ04ooy,1000,0,0,0,0,,,"未找到（链接未入库/无效）"
http://xhslink.com/o/9cF97iw506y,1000,0,0,0,0,,,"未找到（链接未入库/无效）"
http://xhslink.com/o/5CrQbcBAH3B,3000,0,0,0,0,,,"未找到（链接未入库/无效）"
http://xhslink.com/o/6CIM8m87slT,1000,0,0,0,0,,,"未找到（链接未入库/无效）"
http://xhslink.com/o/jDzISVdokk,5000,0,0,0,0,,,"未找到（链接未入库/无效）"
http://xhslink.com/m/4TerlwHeQiJ,1000,0,0,0,0,,,"未找到（链接未入库/无效）"
http://xhslink.com/o/PjJrhhrKBT,1000,0,0,0,0,,,"未找到（链接未入库/无效）"
http://xhslink.com/o/YC0r65YUrl,500,0,0,0,0,,,"未找到（链接未入库/无效）"
http://xhslink.com/o/1xFrXdnAeHE,1000,0,0,0,0,,,"未找到（链接未入库/无效）"
http://xhslink.com/o/5GACQNWxQFW,1000,0,0,0,0,,,"未找到（链接未入库/无效）"
http://xhslink.com/o/5bVw3VpCHAn,500,0,0,0,0,,,"未找到（链接未入库/无效）"
http://xhslink.com/o/72VtnYDcMBy,110000,0,0,0,0,,,"未找到（链接未入库/无效）"
http://xhslink.com/o/xKONAYOeqh,8000,0,0,0,0,,,"未找到（链接未入库/无效）"
http://xhslink.com/o/8BXV6oU4P8X,20000,0,0,0,0,,,"未找到（链接未入库/无效）"
http://xhslink.com/o/7GTKrOe5CbR,2000,0,0,0,0,,,"未找到（链接未入库/无效）"
http://xhslink.com/o/9mRwNezS8IR,1000,0,0,0,0,,,"未找到（链接未入库/无效）"
http://xhslink.com/o/Vl7ODfhj1B,1000,0,0,0,0,,,"未找到（链接未入库/无效）"
http://xhslink.com/o/76LvOoptdTf,2000,0,0,0,0,,,"未找到（链接未入库/无效）"
http://xhslink.com/o/HjfhVmoUrY,1000,0,0,0,0,,,"未找到（链接未入库/无效）"
http://xhslink.com/o/AXfmcy3ShEk,1000,0,0,0,0,,,"未找到（链接未入库/无效）"
http://xhslink.com/o/2JC9F6s4nc8,500,0,0,0,0,,,"未找到（链接未入库/无效）"
http://xhslink.com/o/3TvCnHcgvwF,1000,0,0,0,0,,,"未找到（链接未入库/无效）"
http://xhslink.com/o/9LkjmHBdfN5,2000,0,0,0,0,,,"未找到（链接未入库/无效）"
http://xhslink.com/o/wfQnX4CaUq,3000,0,0,0,0,,,"未找到（链接未入库/无效）"
